Galaksi,Sinif,Q,R_kpc,R_bolu_Rdisk,egiklik_deg,e_egiklik_deg,g_bar_ms2,acik_D,v_ong2,D_bolu_vong2,gereken_sigma_kms,gereken_egiklik_kaymasi_deg,baryon_tek_basina_asiyor
NGC7814,Sa–Sab,1,1.72,0.68,90,1,1.242e-09,+19544,82044,+0.238,120.1,+29.2,evet
NGC7814,Sa–Sab,1,2.79,1.10,90,1,5.935e-10,+15236,69525,+0.219,83.3,+27.9,hayir
NGC7814,Sa–Sab,1,3.91,1.54,90,1,3.531e-10,+9437,62337,+0.151,55.4,+22.9,hayir
NGC7814,Sa–Sab,1,5.03,1.98,90,1,2.353e-10,+5071,57055,+0.089,35.8,+17.3,hayir
NGC7814,Sa–Sab,1,6.14,2.42,90,1,1.662e-10,+523,52507,+0.010,10.4,+5.7,hayir
NGC7814,Sa–Sab,1,7.26,2.86,90,1,1.227e-10,-2715,48814,-0.056,0.0,+0.0,hayir
UGC02916,Sa–Sab,2,0.74,0.12,50,5,1.133e-09,-3856,34560,-0.112,0.0,-3.9,hayir
UGC02916,Sa–Sab,2,1.11,0.18,50,5,9.922e-10,+4483,46508,+0.096,111.4,+3.3,hayir
UGC02916,Sa–Sab,2,1.48,0.24,50,5,8.991e-10,+12097,56618,+0.214,158.5,+7.2,hayir
UGC02916,Sa–Sab,2,1.84,0.30,50,5,8.434e-10,+20045,65841,+0.304,183.0,+10.3,evet
UGC02916,Sa–Sab,2,2.21,0.36,50,5,7.884e-10,+27866,73662,+0.378,196.9,+12.8,evet
UGC02916,Sa–Sab,2,2.60,0.42,50,5,7.063e-10,+32634,78003,+0.418,196.5,+14.3,evet
UGC02916,Sa–Sab,2,2.96,0.48,50,5,6.033e-10,+32853,77374,+0.425,184.7,+14.5,evet
UGC02916,Sa–Sab,2,3.17,0.52,50,5,5.639e-10,+33782,77882,+0.434,181.0,+14.8,evet
UGC02916,Sa–Sab,2,3.33,0.54,50,5,5.317e-10,+33986,77667,+0.438,177.2,+14.9,evet
UGC02916,Sa–Sab,2,3.70,0.60,50,5,4.662e-10,+34003,76852,+0.442,168.1,+15.1,evet
UGC02916,Sa–Sab,2,4.07,0.66,50,5,4.096e-10,+33072,75508,+0.438,158.1,+15.0,evet
UGC02916,Sa–Sab,2,4.44,0.72,50,5,3.600e-10,+31698,73723,+0.430,148.2,+14.7,evet
UGC02916,Sa–Sab,2,4.81,0.78,50,5,3.171e-10,+29710,71735,+0.414,137.8,+14.1,evet
UGC02916,Sa–Sab,2,5.18,0.84,50,5,2.807e-10,+27320,69756,+0.392,127.3,+13.3,evet
UGC02916,Sa–Sab,2,5.55,0.90,50,5,2.487e-10,+24822,67671,+0.367,117.3,+12.4,hayir
UGC02916,Sa–Sab,2,5.92,0.96,50,5,2.219e-10,+22534,65798,+0.342,108.2,+11.6,hayir
UGC02916,Sa–Sab,2,6.28,1.02,50,5,2.003e-10,+20147,64247,+0.314,99.3,+10.6,hayir
UGC02916,Sa–Sab,2,6.34,1.03,50,5,1.972e-10,+19922,64022,+0.311,98.3,+10.5,hayir
UGC02916,Sa–Sab,2,6.65,1.08,50,5,1.819e-10,+17993,62937,+0.286,91.2,+9.7,hayir
UGC02916,Sa–Sab,2,7.03,1.14,50,5,1.659e-10,+15979,61775,+0.259,83.6,+8.7,hayir
UGC02916,Sa–Sab,2,7.39,1.20,50,5,1.528e-10,+14574,60799,+0.240,77.9,+8.1,hayir
UGC02916,Sa–Sab,2,7.77,1.26,50,5,1.406e-10,+13185,59841,+0.220,72.2,+7.4,hayir
UGC02916,Sa–Sab,2,8.14,1.32,50,5,1.305e-10,+12000,59089,+0.203,67.3,+6.9,hayir
UGC02916,Sa–Sab,2,8.51,1.38,50,5,1.214e-10,+10838,58362,+0.186,62.6,+6.3,hayir
UGC02916,Sa–Sab,2,8.88,1.44,50,5,1.132e-10,+10154,57678,+0.176,59.3,+5.9,hayir
UGC02916,Sa–Sab,2,9.25,1.50,50,5,1.062e-10,+9622,57146,+0.168,56.6,+5.7,hayir
UGC02916,Sa–Sab,2,9.52,1.55,50,5,1.014e-10,+9203,56727,+0.162,54.5,+5.5,hayir
UGC02953,Sa–Sab,2,0.17,0.05,50,4,3.230e-09,-32533,20828,-1.562,0.0,-40.0,hayir
UGC02953,Sa–Sab,2,0.26,0.07,50,4,3.701e-09,-17639,35722,-0.494,0.0,-19.4,hayir
UGC02953,Sa–Sab,2,0.34,0.10,50,4,3.465e-09,-9573,43788,-0.219,0.0,-7.7,hayir
UGC02953,Sa–Sab,2,0.43,0.12,50,4,3.071e-09,-4332,49492,-0.088,0.0,-3.0,hayir
UGC02953,Sa–Sab,2,0.51,0.14,50,4,2.766e-09,-553,53271,-0.010,0.0,-0.4,hayir
UGC02953,Sa–Sab,2,0.60,0.17,50,4,2.495e-09,+3125,56949,+0.055,96.1,+1.9,hayir
UGC02953,Sa–Sab,2,0.69,0.19,50,4,2.268e-09,+6110,59934,+0.102,125.4,+3.5,hayir
UGC02953,Sa–Sab,2,0.77,0.22,50,4,2.099e-09,+7965,62254,+0.128,135.5,+4.3,hayir
UGC02953,Sa–Sab,2,0.86,0.24,50,4,1.930e-09,+10093,64382,+0.157,144.3,+5.3,hayir
UGC02953,Sa–Sab,2,0.95,0.27,50,4,1.788e-09,+11518,66274,+0.174,146.7,+5.9,hayir
UGC02953,Sa–Sab,2,1.03,0.29,50,4,1.689e-09,+12917,68142,+0.190,149.2,+6.4,hayir
UGC02953,Sa–Sab,2,1.11,0.31,50,4,1.596e-09,+14462,69687,+0.208,152.1,+7.0,hayir
UGC02953,Sa–Sab,2,1.20,0.34,50,4,1.510e-09,+15838,71534,+0.221,153.1,+7.5,evet
UGC02953,Sa–Sab,2,1.29,0.36,50,4,1.432e-09,+17039,73208,+0.233,153.1,+7.9,evet
UGC02953,Sa–Sab,2,1.38,0.39,50,4,1.361e-09,+18012,74656,+0.241,152.2,+8.1,evet
UGC02953,Sa–Sab,2,1.46,0.41,50,4,1.300e-09,+19058,75702,+0.252,152.2,+8.5,evet
UGC02953,Sa–Sab,2,1.55,0.44,50,4,1.235e-09,+19520,76641,+0.255,149.5,+8.6,evet
UGC02953,Sa–Sab,2,1.63,0.46,50,4,1.180e-09,+19710,77310,+0.255,146.5,+8.6,evet
UGC02953,Sa–Sab,2,1.72,0.48,50,4,1.122e-09,+19803,77884,+0.254,143.0,+8.6,evet
UGC02953,Sa–Sab,2,1.80,0.51,50,4,1.073e-09,+19729,78293,+0.252,139.5,+8.5,evet
UGC02953,Sa–Sab,2,1.89,0.53,50,4,1.022e-09,+19581,78630,+0.249,135.6,+8.4,evet
UGC02953,Sa–Sab,2,1.98,0.56,50,4,9.736e-10,+19345,78881,+0.245,131.7,+8.3,hayir
UGC02953,Sa–Sab,2,2.07,0.58,50,4,9.292e-10,+18567,79083,+0.235,126.2,+7.9,hayir
UGC02953,Sa–Sab,2,2.15,0.61,50,4,8.925e-10,+18226,79235,+0.230,122.7,+7.8,hayir
UGC02953,Sa–Sab,2,2.23,0.63,50,4,8.585e-10,+17875,79379,+0.225,119.3,+7.6,hayir
UGC02953,Sa–Sab,2,2.32,0.65,50,4,8.231e-10,+17540,79541,+0.221,115.8,+7.4,hayir
UGC02953,Sa–Sab,2,2.40,0.68,50,4,7.941e-10,+16700,79701,+0.210,111.1,+7.1,hayir
UGC02953,Sa–Sab,2,2.49,0.70,50,4,7.642e-10,+16407,79911,+0.205,108.1,+6.9,hayir
UGC02953,Sa–Sab,2,2.58,0.73,50,4,7.373e-10,+16183,80192,+0.202,105.5,+6.8,hayir
UGC02953,Sa–Sab,2,2.67,0.75,50,4,7.134e-10,+16051,80567,+0.199,103.3,+6.7,hayir
UGC02953,Sa–Sab,2,2.75,0.77,50,4,6.943e-10,+15435,80971,+0.191,99.8,+6.4,hayir
UGC02953,Sa–Sab,2,2.83,0.80,50,4,6.771e-10,+15394,81443,+0.189,98.3,+6.4,hayir
UGC02953,Sa–Sab,2,2.92,0.82,50,4,6.597e-10,+14971,82052,+0.182,95.4,+6.2,hayir
UGC02953,Sa–Sab,2,3.00,0.85,50,4,6.454e-10,+15013,82613,+0.182,94.2,+6.1,hayir
UGC02953,Sa–Sab,2,3.09,0.87,50,4,6.302e-10,+14604,83248,+0.175,91.6,+5.9,hayir
UGC02953,Sa–Sab,2,3.18,0.90,50,4,6.155e-10,+14666,83835,+0.175,90.5,+5.9,hayir
UGC02953,Sa–Sab,2,3.27,0.92,50,4,6.012e-10,+14681,84377,+0.174,89.3,+5.9,hayir
UGC02953,Sa–Sab,2,3.35,0.94,50,4,5.888e-10,+14061,84817,+0.166,86.3,+5.6,hayir
UGC02953,Sa–Sab,2,3.43,0.97,50,4,5.766e-10,+13924,85213,+0.163,84.9,+5.5,hayir
UGC02953,Sa–Sab,2,4.21,1.19,50,4,4.728e-10,+9314,87714,+0.106,62.7,+3.6,hayir
UGC02953,Sa–Sab,2,4.29,1.21,50,4,4.640e-10,+8395,87919,+0.095,58.9,+3.2,hayir
UGC02953,Sa–Sab,2,4.38,1.23,50,4,4.543e-10,+8022,88111,+0.091,57.0,+3.1,hayir
UGC02953,Sa–Sab,2,4.47,1.26,50,4,4.451e-10,+7085,88310,+0.080,53.0,+2.7,hayir
UGC02953,Sa–Sab,2,4.80,1.35,50,4,4.137e-10,+4853,88953,+0.055,42.4,+1.9,hayir
UGC02953,Sa–Sab,2,5.25,1.48,50,4,3.790e-10,+2430,90046,+0.027,28.7,+0.9,hayir
UGC02953,Sa–Sab,2,5.32,1.50,50,4,3.743e-10,+1420,90224,+0.016,21.8,+0.5,hayir
UGC02953,Sa–Sab,2,5.41,1.52,50,4,3.681e-10,+1018,90419,+0.011,18.3,+0.4,hayir
UGC02953,Sa–Sab,2,5.50,1.55,50,4,3.620e-10,+582,90582,+0.006,13.7,+0.2,hayir
UGC02953,Sa–Sab,2,5.58,1.57,50,4,3.564e-10,+80,90681,+0.001,5.0,+0.0,hayir
UGC02953,Sa–Sab,2,5.67,1.60,50,4,3.499e-10,-503,90701,-0.006,0.0,-0.2,hayir
UGC02953,Sa–Sab,2,5.76,1.62,50,4,3.440e-10,-1017,90792,-0.011,0.0,-0.4,hayir
UGC02953,Sa–Sab,2,6.00,1.69,50,4,3.290e-10,-2634,91002,-0.029,0.0,-1.0,hayir
UGC02953,Sa–Sab,2,6.18,1.74,50,4,3.183e-10,-3145,91104,-0.035,0.0,-1.2,hayir
UGC02953,Sa–Sab,2,6.27,1.77,50,4,3.132e-10,-3708,91156,-0.041,0.0,-1.4,hayir
UGC02953,Sa–Sab,2,6.36,1.79,50,4,3.083e-10,-4257,91224,-0.047,0.0,-1.6,hayir
UGC02953,Sa–Sab,2,6.45,1.82,50,4,3.036e-10,-4791,91309,-0.052,0.0,-1.8,hayir
UGC02953,Sa–Sab,2,6.53,1.84,50,4,2.997e-10,-4700,91400,-0.051,0.0,-1.8,hayir
UGC02953,Sa–Sab,2,6.61,1.86,50,4,2.960e-10,-5201,91520,-0.057,0.0,-2.0,hayir
UGC02953,Sa–Sab,2,6.70,1.89,50,4,2.922e-10,-5647,91697,-0.062,0.0,-2.1,hayir
UGC02953,Sa–Sab,2,6.79,1.91,50,4,2.886e-10,-5423,91921,-0.059,0.0,-2.0,hayir
UGC02953,Sa–Sab,2,6.87,1.94,50,4,2.850e-10,-5971,91998,-0.065,0.0,-2.2,hayir
UGC02953,Sa–Sab,2,6.96,1.96,50,4,2.816e-10,-5765,92204,-0.063,0.0,-2.2,hayir
UGC02953,Sa–Sab,2,7.05,1.99,50,4,2.782e-10,-6208,92388,-0.067,0.0,-2.3,hayir
UGC02953,Sa–Sab,2,7.20,2.03,50,4,2.723e-10,-6629,92596,-0.072,0.0,-2.5,hayir
UGC02953,Sa–Sab,2,7.39,2.08,50,4,2.643e-10,-7218,92638,-0.078,0.0,-2.7,hayir
UGC02953,Sa–Sab,2,7.47,2.10,50,4,2.606e-10,-7302,92554,-0.079,0.0,-2.7,hayir
UGC02953,Sa–Sab,2,7.99,2.25,50,4,2.380e-10,-9288,91836,-0.101,0.0,-3.5,hayir
UGC02953,Sa–Sab,2,8.08,2.28,50,4,2.346e-10,-9355,91769,-0.102,0.0,-3.5,hayir
UGC02953,Sa–Sab,2,8.16,2.30,50,4,2.316e-10,-9429,91695,-0.103,0.0,-3.6,hayir
UGC02953,Sa–Sab,2,8.25,2.32,50,4,2.287e-10,-10035,91726,-0.109,0.0,-3.8,hayir
UGC02953,Sa–Sab,2,8.34,2.35,50,4,2.259e-10,-10007,91754,-0.109,0.0,-3.8,hayir
UGC02953,Sa–Sab,2,8.40,2.37,50,4,2.241e-10,-9996,91765,-0.109,0.0,-3.8,hayir
UGC02953,Sa–Sab,2,9.59,2.70,50,4,1.892e-10,-10764,90997,-0.118,0.0,-4.1,hayir
UGC02953,Sa–Sab,2,10.80,3.04,50,4,1.606e-10,-10781,89708,-0.120,0.0,-4.2,hayir
UGC02953,Sa–Sab,2,12.02,3.39,50,4,1.416e-10,-7620,89724,-0.085,0.0,-2.9,hayir
UGC02953,Sa–Sab,2,13.22,3.72,50,4,1.251e-10,-5784,89080,-0.065,0.0,-2.2,hayir
UGC02953,Sa–Sab,2,14.42,4.06,50,4,1.084e-10,-4929,86880,-0.057,0.0,-2.0,hayir
UGC03205,Sa–Sab,1,0.55,0.17,67,4,8.731e-10,+5522,20163,+0.274,126.5,+15.3,evet
UGC03205,Sa–Sab,1,0.83,0.26,67,4,7.444e-10,+8743,26699,+0.327,129.6,+18.0,evet
UGC03205,Sa–Sab,1,1.39,0.44,67,4,5.202e-10,+8374,33023,+0.254,98.0,+14.3,hayir
UGC03205,Sa–Sab,1,1.65,0.52,67,4,4.629e-10,+7063,35287,+0.200,82.6,+11.6,hayir
UGC03205,Sa–Sab,1,3.04,0.95,67,4,2.534e-10,-3301,39548,-0.083,0.0,-6.4,hayir
UGC03205,Sa–Sab,1,3.32,1.04,67,4,2.285e-10,-5698,39671,-0.144,0.0,-12.9,hayir
UGC03205,Sa–Sab,1,3.59,1.13,67,4,2.109e-10,-7419,40105,-0.185,0.0,-23.0,hayir
UGC03205,Sa–Sab,1,3.87,1.21,67,4,1.978e-10,-8407,40877,-0.206,0.0,-23.0,hayir
UGC03205,Sa–Sab,1,4.15,1.30,67,4,1.905e-10,-8896,42180,-0.211,0.0,-23.0,hayir
UGC03205,Sa–Sab,1,4.43,1.39,67,4,1.851e-10,-8831,43610,-0.203,0.0,-23.0,hayir
UGC03205,Sa–Sab,1,4.70,1.47,67,4,1.794e-10,-9003,44821,-0.201,0.0,-23.0,hayir
UGC03205,Sa–Sab,1,4.97,1.56,67,4,1.730e-10,-8961,45795,-0.196,0.0,-23.0,hayir
UGC03205,Sa–Sab,1,5.25,1.65,67,4,1.665e-10,-8518,46707,-0.182,0.0,-23.0,hayir
UGC03205,Sa–Sab,1,5.52,1.73,67,4,1.622e-10,-7888,47808,-0.165,0.0,-16.5,hayir
UGC03205,Sa–Sab,1,5.80,1.82,67,4,1.586e-10,-7162,49007,-0.146,0.0,-13.2,hayir
UGC03205,Sa–Sab,1,6.08,1.91,67,4,1.549e-10,-6062,50107,-0.121,0.0,-10.1,hayir
UGC03205,Sa–Sab,1,6.36,1.99,67,4,1.512e-10,-5035,51134,-0.098,0.0,-7.7,hayir
UGC03205,Sa–Sab,1,6.63,2.08,67,4,1.468e-10,-3853,51843,-0.074,0.0,-5.6,hayir
UGC03205,Sa–Sab,1,6.91,2.17,67,4,1.418e-10,-3297,52399,-0.063,0.0,-4.6,hayir
UGC03205,Sa–Sab,1,7.19,2.25,67,4,1.366e-10,-2442,52783,-0.046,0.0,-3.3,hayir
UGC03205,Sa–Sab,1,7.27,2.28,67,4,1.350e-10,-1905,52851,-0.036,0.0,-2.5,hayir
UGC03205,Sa–Sab,1,7.46,2.34,67,4,1.312e-10,-1772,52984,-0.033,0.0,-2.4,hayir
UGC03205,Sa–Sab,1,8.02,2.51,67,4,1.211e-10,-85,53276,-0.002,0.0,-0.1,hayir
UGC03205,Sa–Sab,1,8.29,2.60,67,4,1.164e-10,+899,53340,+0.017,13.2,+1.1,hayir
UGC03205,Sa–Sab,1,8.56,2.68,67,4,1.120e-10,+1381,53365,+0.026,16.0,+1.7,hayir
UGC03205,Sa–Sab,1,8.84,2.77,67,4,1.073e-10,+2210,53286,+0.041,20.0,+2.7,hayir
UGC03205,Sa–Sab,1,9.12,2.86,67,4,1.030e-10,+3016,53192,+0.057,23.0,+3.6,hayir
UGC03546,Sa–Sab,1,0.79,0.21,55,5,4.050e-09,+40960,103460,+0.396,313.5,+15.5,evet
UGC03546,Sa–Sab,1,0.95,0.25,55,5,3.038e-09,+37201,95282,+0.390,272.4,+15.2,evet
UGC03546,Sa–Sab,1,1.11,0.29,55,5,2.360e-09,+33302,88058,+0.378,238.4,+14.8,evet
UGC03546,Sa–Sab,1,1.27,0.34,55,5,1.896e-09,+30346,82330,+0.369,212.8,+14.4,evet
UGC03546,Sa–Sab,1,1.43,0.38,55,5,1.560e-09,+26930,77555,+0.347,188.9,+13.6,evet
UGC03546,Sa–Sab,1,1.59,0.42,55,5,1.317e-09,+24682,73966,+0.334,171.5,+13.0,evet
UGC03546,Sa–Sab,1,1.90,0.50,55,5,1.007e-09,+20721,69562,+0.298,143.8,+11.7,evet
UGC03546,Sa–Sab,1,2.06,0.54,55,5,8.993e-10,+19371,68212,+0.284,133.5,+11.1,evet
UGC03546,Sa–Sab,1,2.22,0.59,55,5,8.129e-10,+17978,67262,+0.267,123.9,+10.5,evet
UGC03546,Sa–Sab,1,2.38,0.63,55,5,7.425e-10,+17314,66598,+0.260,117.4,+10.2,evet
UGC03546,Sa–Sab,1,2.79,0.74,55,5,6.025e-10,+16205,65046,+0.249,104.9,+9.8,evet
UGC03546,Sa–Sab,1,2.86,0.75,55,5,5.828e-10,+15930,64771,+0.246,102.7,+9.7,evet
UGC03546,Sa–Sab,1,3.02,0.80,55,5,5.409e-10,+15690,64090,+0.245,99.2,+9.6,evet
UGC03546,Sa–Sab,1,4.17,1.10,55,5,3.278e-10,+15713,57738,+0.272,84.5,+10.7,evet
UGC03546,Sa–Sab,1,5.56,1.47,55,5,1.966e-10,+14488,50588,+0.286,70.3,+11.2,hayir
UGC03546,Sa–Sab,1,6.96,1.84,55,5,1.366e-10,+11121,47221,+0.236,55.0,+9.3,hayir
UGC03546,Sa–Sab,1,8.35,2.20,55,5,1.029e-10,+6089,45293,+0.134,37.2,+5.3,hayir
UGC03580,Sa–Sab,2,0.23,0.09,63,4,5.938e-10,+2103,6276,+0.335,105.4,+16.4,evet
UGC03580,Sa–Sab,2,0.34,0.14,63,4,5.797e-10,+4075,9003,+0.453,120.7,+21.8,evet
UGC03580,Sa–Sab,2,0.46,0.19,63,4,5.129e-10,+5748,10875,+0.529,123.2,+25.3,evet
UGC03580,Sa–Sab,2,0.57,0.23,63,4,4.370e-10,+6724,11765,+0.572,119.7,+27.3,evet
UGC03580,Sa–Sab,2,0.69,0.28,63,4,3.805e-10,+7871,12632,+0.623,117.7,+29.8,evet
UGC03580,Sa–Sab,2,0.80,0.33,63,4,3.450e-10,+8832,13416,+0.658,115.8,+31.6,evet
UGC03580,Sa–Sab,2,0.92,0.38,63,4,3.126e-10,+9647,14122,+0.683,112.9,+32.9,evet
UGC03580,Sa–Sab,2,1.03,0.42,63,4,2.902e-10,+10313,14749,+0.699,110.3,+33.7,evet
UGC03580,Sa–Sab,2,1.14,0.47,63,4,2.668e-10,+10677,15139,+0.705,106.7,+34.1,evet
UGC03580,Sa–Sab,2,1.26,0.52,63,4,2.433e-10,+10885,15427,+0.706,102.4,+34.1,evet
UGC03580,Sa–Sab,2,1.37,0.56,63,4,2.229e-10,+10890,15555,+0.700,98.3,+33.8,evet
UGC03580,Sa–Sab,2,1.49,0.61,63,4,2.019e-10,+10722,15566,+0.689,93.5,+33.2,evet
UGC03580,Sa–Sab,2,1.61,0.66,63,4,1.837e-10,+10481,15550,+0.674,88.9,+32.4,evet
UGC03580,Sa–Sab,2,1.71,0.70,63,4,1.705e-10,+10214,15529,+0.658,85.2,+31.6,evet
UGC03580,Sa–Sab,2,1.83,0.75,63,4,1.564e-10,+9875,15485,+0.638,81.0,+30.6,evet
UGC03580,Sa–Sab,2,1.94,0.80,63,4,1.447e-10,+9491,15420,+0.616,77.1,+29.5,evet
UGC03580,Sa–Sab,2,2.06,0.85,63,4,1.335e-10,+9081,15353,+0.591,73.2,+28.3,evet
UGC03580,Sa–Sab,2,2.18,0.90,63,4,1.240e-10,+8688,15314,+0.567,69.6,+27.1,evet
UGC03580,Sa–Sab,2,2.29,0.94,63,4,1.170e-10,+8343,15332,+0.544,66.5,+26.0,evet
UGC03580,Sa–Sab,2,2.40,0.99,63,4,1.109e-10,+8033,15378,+0.522,63.8,+25.0,evet
UGC03580,Sa–Sab,2,2.52,1.04,63,4,1.050e-10,+7721,15430,+0.500,61.0,+24.0,evet
UGC05253,Sa–Sab,2,0.25,0.03,37,4,4.439e-09,-14330,39959,-0.359,0.0,-7.5,hayir
UGC05253,Sa–Sab,2,0.38,0.05,37,4,3.874e-09,-1076,53680,-0.020,0.0,-0.4,hayir
UGC05253,Sa–Sab,2,0.51,0.06,37,4,3.251e-09,+5989,61214,+0.098,217.7,+2.1,hayir
UGC05253,Sa–Sab,2,0.63,0.08,37,4,2.783e-09,+9770,65466,+0.149,250.2,+3.3,hayir
UGC05253,Sa–Sab,2,0.76,0.09,37,4,2.356e-09,+11673,67842,+0.172,248.9,+3.8,hayir
UGC05253,Sa–Sab,2,0.89,0.11,37,4,2.033e-09,+12816,69460,+0.185,241.0,+4.1,hayir
UGC05253,Sa–Sab,2,1.01,0.13,37,4,1.815e-09,+13935,71056,+0.196,235.9,+4.3,hayir
UGC05253,Sa–Sab,2,1.14,0.14,37,4,1.613e-09,+14506,72106,+0.201,226.6,+4.5,hayir
UGC05253,Sa–Sab,2,1.27,0.16,37,4,1.435e-09,+14772,72372,+0.204,216.6,+4.5,hayir
UGC05253,Sa–Sab,2,1.39,0.17,37,4,1.316e-09,+15159,73240,+0.207,209.8,+4.6,hayir
UGC05253,Sa–Sab,2,1.52,0.19,37,4,1.203e-09,+15289,73853,+0.207,201.5,+4.6,hayir
UGC05253,Sa–Sab,2,1.65,0.20,37,4,1.100e-09,+15493,74057,+0.209,194.6,+4.6,hayir
UGC05253,Sa–Sab,2,1.77,0.22,37,4,1.018e-09,+15117,74166,+0.204,185.6,+4.5,hayir
UGC05253,Sa–Sab,2,1.90,0.24,37,4,9.408e-10,+14769,74305,+0.199,177.1,+4.4,hayir
UGC05253,Sa–Sab,2,2.03,0.25,37,4,8.753e-10,+14970,74506,+0.201,172.5,+4.5,hayir
UGC05253,Sa–Sab,2,2.16,0.27,37,4,8.191e-10,+15256,74792,+0.204,168.8,+4.5,hayir
UGC05253,Sa–Sab,2,2.28,0.28,37,4,7.755e-10,+15192,75217,+0.202,164.0,+4.5,hayir
UGC05253,Sa–Sab,2,2.41,0.30,37,4,7.350e-10,+15777,75802,+0.208,162.5,+4.6,hayir
UGC05253,Sa–Sab,2,2.54,0.31,37,4,7.006e-10,+15995,76511,+0.209,159.4,+4.6,hayir
UGC05253,Sa–Sab,2,2.66,0.33,37,4,6.717e-10,+16629,77145,+0.216,158.8,+4.8,hayir
UGC05253,Sa–Sab,2,2.79,0.35,37,4,6.436e-10,+17319,77835,+0.223,158.3,+5.0,hayir
UGC05253,Sa–Sab,2,2.92,0.36,37,4,6.172e-10,+17414,78423,+0.222,155.1,+4.9,hayir
UGC05253,Sa–Sab,2,3.04,0.38,37,4,5.944e-10,+17894,78903,+0.227,154.1,+5.0,hayir
UGC05253,Sa–Sab,2,3.17,0.39,37,4,5.706e-10,+18297,79306,+0.231,152.6,+5.1,hayir
UGC05253,Sa–Sab,2,3.30,0.41,37,4,5.479e-10,+18593,79602,+0.234,150.8,+5.2,hayir
UGC05253,Sa–Sab,2,3.42,0.42,37,4,5.277e-10,+18765,79774,+0.235,148.8,+5.2,hayir
UGC05253,Sa–Sab,2,3.55,0.44,37,4,5.067e-10,+18369,79873,+0.230,144.5,+5.1,hayir
UGC05253,Sa–Sab,2,3.68,0.46,37,4,4.882e-10,+18559,80063,+0.232,142.6,+5.2,hayir
UGC05253,Sa–Sab,2,3.80,0.47,37,4,4.714e-10,+18630,80134,+0.232,140.6,+5.2,hayir
UGC05253,Sa–Sab,2,3.93,0.49,37,4,4.536e-10,+18583,80087,+0.232,138.1,+5.2,hayir
UGC05253,Sa–Sab,2,4.06,0.50,37,4,4.366e-10,+18490,79994,+0.231,135.6,+5.1,hayir
UGC05253,Sa–Sab,2,4.18,0.52,37,4,4.213e-10,+18312,79816,+0.229,133.0,+5.1,hayir
UGC05253,Sa–Sab,2,4.31,0.53,37,4,4.053e-10,+18066,79570,+0.227,130.1,+5.1,hayir
UGC05253,Sa–Sab,2,4.44,0.55,37,4,3.902e-10,+17797,79301,+0.224,127.2,+5.0,hayir
UGC05253,Sa–Sab,2,4.56,0.57,37,4,3.767e-10,+17504,79008,+0.222,124.5,+4.9,hayir
UGC05253,Sa–Sab,2,4.69,0.58,37,4,3.628e-10,+17148,78652,+0.218,121.5,+4.8,hayir
UGC05253,Sa–Sab,2,4.82,0.60,37,4,3.496e-10,+16791,78295,+0.214,118.6,+4.8,hayir
UGC05253,Sa–Sab,2,4.94,0.61,37,4,3.379e-10,+16435,77939,+0.211,115.9,+4.7,hayir
UGC05253,Sa–Sab,2,4.99,0.62,37,4,3.332e-10,+16283,77787,+0.209,114.7,+4.6,hayir
UGC05253,Sa–Sab,2,5.07,0.63,37,4,3.258e-10,+16032,77536,+0.207,113.0,+4.6,hayir
UGC05253,Sa–Sab,2,5.20,0.64,37,4,3.142e-10,+15609,77113,+0.202,110.1,+4.5,hayir
UGC05253,Sa–Sab,2,5.45,0.68,37,4,2.936e-10,+15306,76315,+0.201,106.5,+4.4,hayir
UGC05253,Sa–Sab,2,5.58,0.69,37,4,2.834e-10,+14849,75858,+0.196,103.6,+4.3,hayir
UGC05253,Sa–Sab,2,5.70,0.71,37,4,2.745e-10,+14432,75441,+0.191,101.1,+4.2,hayir
UGC05253,Sa–Sab,2,5.83,0.72,37,4,2.649e-10,+13923,74932,+0.186,98.2,+4.1,hayir
UGC05253,Sa–Sab,2,6.47,0.80,37,4,2.257e-10,+11862,72871,+0.163,86.0,+3.6,hayir
UGC05253,Sa–Sab,2,6.59,0.82,37,4,2.196e-10,+12054,72570,+0.166,85.9,+3.7,hayir
UGC05253,Sa–Sab,2,6.66,0.83,37,4,2.163e-10,+11899,72415,+0.164,84.9,+3.6,hayir
UGC05253,Sa–Sab,2,6.72,0.83,37,4,2.134e-10,+11748,72264,+0.163,84.0,+3.6,hayir
UGC05253,Sa–Sab,2,6.85,0.85,37,4,2.076e-10,+11490,72006,+0.160,82.3,+3.5,hayir
UGC05253,Sa–Sab,2,6.97,0.86,37,4,2.026e-10,+11279,71795,+0.157,80.8,+3.5,hayir
UGC05253,Sa–Sab,2,7.10,0.88,37,4,1.975e-10,+11069,71585,+0.155,79.3,+3.4,hayir
UGC05253,Sa–Sab,2,7.23,0.90,37,4,1.927e-10,+10892,71408,+0.153,78.0,+3.4,hayir
UGC05253,Sa–Sab,2,8.32,1.03,37,4,1.590e-10,+9539,70055,+0.136,68.0,+3.0,hayir
UGC05253,Sa–Sab,2,10.00,1.24,37,4,1.205e-10,+7451,67476,+0.110,54.8,+2.4,hayir
UGC06787,Sa–Sab,2,0.24,0.04,66,3,7.340e-09,+17724,60988,+0.291,445.3,+15.7,evet
UGC06787,Sa–Sab,2,0.35,0.07,66,3,6.228e-09,+12793,76297,+0.168,313.3,+9.5,evet
UGC06787,Sa–Sab,2,0.47,0.09,66,3,5.006e-09,+9456,83440,+0.113,232.4,+6.7,hayir
UGC06787,Sa–Sab,2,0.59,0.11,66,3,4.057e-09,+9890,86066,+0.115,212.1,+6.7,hayir
UGC06787,Sa–Sab,2,0.71,0.13,66,3,3.372e-09,+13744,87185,+0.158,228.0,+9.0,evet
UGC06787,Sa–Sab,2,0.83,0.15,66,3,2.844e-09,+16314,87070,+0.187,229.7,+10.6,evet
UGC06787,Sa–Sab,2,0.94,0.18,66,3,2.466e-09,+17863,86507,+0.206,225.9,+11.5,evet
UGC06787,Sa–Sab,2,1.06,0.20,66,3,2.167e-09,+19012,86612,+0.220,219.5,+12.2,evet
UGC06787,Sa–Sab,2,1.18,0.22,66,3,1.935e-09,+19262,86862,+0.222,209.4,+12.3,evet
UGC06787,Sa–Sab,2,1.30,0.24,66,3,1.741e-09,+19784,86865,+0.228,202.1,+12.6,evet
UGC06787,Sa–Sab,2,1.42,0.26,66,3,1.580e-09,+20718,86767,+0.239,197.9,+13.2,evet
UGC06787,Sa–Sab,2,1.53,0.28,66,3,1.449e-09,+21841,86357,+0.253,195.8,+13.9,evet
UGC06787,Sa–Sab,2,1.66,0.31,66,3,1.316e-09,+26300,85836,+0.306,206.3,+16.5,evet
UGC06787,Sa–Sab,2,1.89,0.35,66,3,1.120e-09,+32410,84394,+0.384,214.6,+20.2,evet
UGC06787,Sa–Sab,2,2.01,0.37,66,3,1.033e-09,+34999,83399,+0.420,216.2,+21.9,evet
UGC06787,Sa–Sab,2,2.13,0.40,66,3,9.540e-10,+36079,82304,+0.438,213.3,+22.8,evet
UGC06787,Sa–Sab,2,2.24,0.42,66,3,8.887e-10,+35862,81231,+0.441,207.3,+22.9,evet
UGC06787,Sa–Sab,2,3.10,0.58,66,3,5.429e-10,+20961,72945,+0.287,134.7,+15.5,hayir
UGC06787,Sa–Sab,2,3.79,0.71,66,3,3.873e-10,+11159,66855,+0.167,88.9,+9.5,hayir
UGC06787,Sa–Sab,2,3.90,0.73,66,3,3.686e-10,+10286,65982,+0.156,84.2,+8.9,hayir
UGC06787,Sa–Sab,2,4.14,0.77,66,3,3.331e-10,+8172,64341,+0.127,72.8,+7.4,hayir
UGC06787,Sa–Sab,2,4.25,0.79,66,3,3.185e-10,+7460,63629,+0.117,68.7,+6.9,hayir
UGC06787,Sa–Sab,2,4.37,0.81,66,3,3.039e-10,+6735,62904,+0.107,64.3,+6.3,hayir
UGC06787,Sa–Sab,2,4.49,0.84,66,3,2.903e-10,+6062,62231,+0.097,60.2,+5.8,hayir
UGC06787,Sa–Sab,2,4.61,0.86,66,3,2.778e-10,+5428,61597,+0.088,56.2,+5.3,hayir
UGC06787,Sa–Sab,2,4.72,0.88,66,3,2.672e-10,+5362,61058,+0.088,55.2,+5.2,hayir
UGC06787,Sa–Sab,2,5.16,0.96,66,3,2.316e-10,+4065,59290,+0.069,46.0,+4.2,hayir
UGC06787,Sa–Sab,2,5.43,1.01,66,3,2.140e-10,+3690,58446,+0.063,42.7,+3.8,hayir
UGC06787,Sa–Sab,2,5.56,1.04,66,3,2.065e-10,+3794,58083,+0.065,42.8,+4.0,hayir
UGC06787,Sa–Sab,2,5.67,1.06,66,3,2.004e-10,+3493,57782,+0.060,40.7,+3.7,hayir
UGC06787,Sa–Sab,2,5.79,1.08,66,3,1.940e-10,+3170,57459,+0.055,38.3,+3.4,hayir
UGC06787,Sa–Sab,2,5.91,1.10,66,3,1.876e-10,+3246,57070,+0.057,38.4,+3.5,hayir
UGC06787,Sa–Sab,2,6.03,1.12,66,3,1.816e-10,+2905,56729,+0.051,36.0,+3.1,hayir
UGC06787,Sa–Sab,2,6.20,1.15,66,3,1.738e-10,+2459,56283,+0.044,32.6,+2.7,hayir
UGC06787,Sa–Sab,2,6.50,1.21,66,3,1.612e-10,+1240,55529,+0.022,22.6,+1.4,hayir
UGC06787,Sa–Sab,2,6.85,1.28,66,3,1.486e-10,-436,54789,-0.008,0.0,-0.5,hayir
UGC06787,Sa–Sab,2,6.98,1.30,66,3,1.444e-10,-1154,54542,-0.021,0.0,-1.4,hayir
UGC06787,Sa–Sab,2,7.09,1.32,66,3,1.410e-10,-1338,54358,-0.025,0.0,-1.6,hayir
UGC06787,Sa–Sab,2,7.21,1.34,66,3,1.376e-10,-1993,54176,-0.037,0.0,-2.5,hayir
UGC06787,Sa–Sab,2,7.22,1.34,66,3,1.373e-10,-2479,54165,-0.046,0.0,-3.1,hayir
UGC06787,Sa–Sab,2,7.33,1.36,66,3,1.344e-10,-2633,54011,-0.049,0.0,-3.3,hayir
UGC06787,Sa–Sab,2,7.45,1.39,66,3,1.312e-10,-3275,53846,-0.061,0.0,-4.2,hayir
UGC06787,Sa–Sab,2,7.56,1.41,66,3,1.284e-10,-3919,53681,-0.073,0.0,-5.1,hayir
UGC06787,Sa–Sab,2,8.26,1.54,66,3,1.109e-10,-8704,52305,-0.166,0.0,-14.6,hayir
UGC08699,Sa–Sab,2,0.43,0.14,73,9,2.919e-09,+17664,45553,+0.388,251.9,+24.6,evet
UGC08699,Sa–Sab,2,0.65,0.21,73,9,2.299e-09,+23177,55218,+0.420,234.7,+26.2,evet
UGC08699,Sa–Sab,2,0.87,0.28,73,9,1.675e-09,+19859,55203,+0.360,187.8,+23.1,evet
UGC08699,Sa–Sab,2,1.08,0.35,73,9,1.256e-09,+14718,52743,+0.279,145.1,+18.7,evet
UGC08699,Sa–Sab,2,1.31,0.42,73,9,9.540e-10,+10361,49962,+0.207,110.5,+14.6,hayir
UGC08699,Sa–Sab,2,1.52,0.49,73,9,7.581e-10,+6486,47290,+0.137,81.2,+10.3,hayir
UGC08699,Sa–Sab,2,1.73,0.56,73,9,6.179e-10,+4200,45004,+0.093,61.2,+7.4,hayir
UGC08699,Sa–Sab,2,1.96,0.63,73,9,5.105e-10,+2392,43196,+0.055,43.4,+4.7,hayir
UGC08699,Sa–Sab,2,2.17,0.70,73,9,4.397e-10,+2025,42025,+0.048,38.0,+4.1,hayir
UGC08699,Sa–Sab,2,2.39,0.77,73,9,3.811e-10,+2522,40938,+0.062,40.4,+5.1,hayir
UGC08699,Sa–Sab,2,2.60,0.84,73,9,3.358e-10,+2732,39981,+0.068,40.3,+5.6,hayir
UGC08699,Sa–Sab,2,2.83,0.92,73,9,2.924e-10,+3050,38771,+0.079,40.8,+6.4,hayir
UGC08699,Sa–Sab,2,3.04,0.98,73,9,2.584e-10,+3771,37627,+0.100,43.8,+7.9,hayir
UGC09133,Sa–Sab,1,0.63,0.09,53,6,3.138e-09,-7533,71991,-0.105,0.0,-4.1,hayir
UGC09133,Sa–Sab,1,0.95,0.14,53,6,2.543e-09,+10848,89809,+0.121,199.5,+4.5,hayir
UGC09133,Sa–Sab,1,1.26,0.18,53,6,2.027e-09,+18378,96778,+0.190,225.5,+7.0,evet
UGC09133,Sa–Sab,1,1.58,0.23,53,6,1.645e-09,+21917,100317,+0.218,219.9,+8.1,evet
UGC09133,Sa–Sab,1,1.89,0.27,53,6,1.363e-09,+23388,101229,+0.231,207.7,+8.5,evet
UGC09133,Sa–Sab,1,2.21,0.32,53,6,1.147e-09,+23511,101352,+0.232,192.5,+8.6,evet
UGC09133,Sa–Sab,1,2.52,0.36,53,6,9.850e-10,+23100,100941,+0.229,178.7,+8.5,hayir
UGC09133,Sa–Sab,1,2.84,0.41,53,6,8.547e-10,+22514,100355,+0.224,166.2,+8.3,hayir
UGC09133,Sa–Sab,1,3.15,0.45,53,6,7.606e-10,+22560,100401,+0.225,158.0,+8.3,hayir
UGC09133,Sa–Sab,1,3.47,0.50,53,6,6.918e-10,+23694,101535,+0.233,154.3,+8.6,hayir
UGC09133,Sa–Sab,1,3.79,0.54,53,6,6.355e-10,+24809,102650,+0.242,151.0,+8.9,hayir
UGC09133,Sa–Sab,1,4.10,0.59,53,6,5.865e-10,+24856,103256,+0.241,145.4,+8.9,hayir
UGC09133,Sa–Sab,1,4.42,0.63,53,6,5.394e-10,+24864,103264,+0.241,140.0,+8.9,hayir
UGC09133,Sa–Sab,1,4.73,0.68,53,6,4.960e-10,+24223,102623,+0.236,133.6,+8.7,hayir
UGC09133,Sa–Sab,1,5.05,0.72,53,6,4.543e-10,+22557,101518,+0.222,124.8,+8.2,hayir
UGC09133,Sa–Sab,1,5.36,0.77,53,6,4.177e-10,+20733,100257,+0.207,116.1,+7.7,hayir
UGC09133,Sa–Sab,1,5.68,0.81,53,6,3.847e-10,+19487,99011,+0.197,109.3,+7.3,hayir
UGC09133,Sa–Sab,1,5.99,0.86,53,6,3.569e-10,+17871,97960,+0.182,102.0,+6.8,hayir
UGC09133,Sa–Sab,1,6.31,0.91,53,6,3.323e-10,+16436,97092,+0.169,95.3,+6.3,hayir
UGC09133,Sa–Sab,1,6.62,0.95,53,6,3.124e-10,+15932,96588,+0.165,91.6,+6.1,hayir
UGC09133,Sa–Sab,1,6.94,1.00,53,6,2.947e-10,+15055,96280,+0.156,86.9,+5.8,hayir
UGC09133,Sa–Sab,1,7.57,1.09,53,6,2.645e-10,+13891,95687,+0.145,80.0,+5.4,hayir
UGC09133,Sa–Sab,1,7.89,1.13,53,6,2.500e-10,+12730,95099,+0.134,75.0,+5.0,hayir
UGC09133,Sa–Sab,1,8.20,1.18,53,6,2.362e-10,+11931,94300,+0.127,71.2,+4.7,hayir
UGC09133,Sa–Sab,1,8.31,1.19,53,6,2.316e-10,+11091,94035,+0.118,68.2,+4.4,hayir
UGC09133,Sa–Sab,1,8.52,1.22,53,6,2.236e-10,+10675,93619,+0.114,66.1,+4.3,hayir
UGC09133,Sa–Sab,1,8.83,1.27,53,6,2.130e-10,+10203,93147,+0.110,63.5,+4.1,hayir
UGC09133,Sa–Sab,1,9.15,1.31,53,6,2.027e-10,+9702,92646,+0.105,60.8,+3.9,hayir
UGC09133,Sa–Sab,1,9.78,1.40,53,6,1.836e-10,+7819,91340,+0.086,52.8,+3.2,hayir
UGC09133,Sa–Sab,1,10.10,1.45,53,6,1.744e-10,+6970,90491,+0.077,49.0,+2.9,hayir
UGC09133,Sa–Sab,1,11.04,1.58,53,6,1.504e-10,+5090,88034,+0.058,40.1,+2.2,hayir
UGC09133,Sa–Sab,1,11.36,1.63,53,6,1.435e-10,+4324,87268,+0.050,36.4,+1.9,hayir
UGC09133,Sa–Sab,1,11.67,1.67,53,6,1.373e-10,+3651,86595,+0.042,33.0,+1.6,hayir
UGC09133,Sa–Sab,1,13.57,1.95,53,6,1.081e-10,+2274,83499,+0.027,24.2,+1.0,hayir
UGC09133,Sa–Sab,1,13.88,1.99,53,6,1.041e-10,+2331,82987,+0.028,24.2,+1.1,hayir
UGC09133,Sa–Sab,1,14.20,2.04,53,6,1.004e-10,+1898,82554,+0.023,21.6,+0.9,hayir
UGC11914,Sa–Sab,1,0.37,0.15,31,5,3.118e-09,+4927,39896,+0.124,127.5,+2.2,evet
UGC11914,Sa–Sab,1,0.47,0.19,31,5,2.648e-09,+3056,44672,+0.068,89.1,+1.2,hayir
UGC11914,Sa–Sab,1,0.56,0.23,31,5,2.342e-09,+580,48104,+0.012,35.5,+0.2,hayir
UGC11914,Sa–Sab,1,0.65,0.27,31,5,2.099e-09,-2924,50900,-0.057,0.0,-1.0,hayir
UGC11914,Sa–Sab,1,0.75,0.31,31,5,1.898e-09,-5146,53903,-0.095,0.0,-1.6,hayir
UGC11914,Sa–Sab,1,0.84,0.34,31,5,1.778e-09,-6983,57026,-0.122,0.0,-2.1,hayir
UGC11914,Sa–Sab,1,0.93,0.38,31,5,1.692e-09,-8260,60384,-0.137,0.0,-2.3,hayir
UGC11914,Sa–Sab,1,1.03,0.42,31,5,1.606e-09,-8605,63756,-0.135,0.0,-2.3,hayir
UGC11914,Sa–Sab,1,1.12,0.46,31,5,1.531e-09,-9276,66349,-0.140,0.0,-2.4,hayir
UGC11914,Sa–Sab,1,1.21,0.50,31,5,1.459e-09,-9874,68526,-0.144,0.0,-2.4,hayir
UGC11914,Sa–Sab,1,1.30,0.53,31,5,1.386e-09,-10401,70255,-0.148,0.0,-2.5,hayir
UGC11914,Sa–Sab,1,1.41,0.58,31,5,1.301e-09,-10458,71911,-0.145,0.0,-2.5,hayir
UGC11914,Sa–Sab,1,1.50,0.61,31,5,1.236e-09,-10526,72995,-0.144,0.0,-2.4,hayir
UGC11914,Sa–Sab,1,1.59,0.65,31,5,1.175e-09,-10200,73900,-0.138,0.0,-2.3,hayir
UGC11914,Sa–Sab,1,1.68,0.69,31,5,1.117e-09,-10076,74605,-0.135,0.0,-2.3,hayir
UGC11914,Sa–Sab,1,1.78,0.73,31,5,1.057e-09,-10044,75220,-0.134,0.0,-2.3,hayir
UGC11914,Sa–Sab,1,1.87,0.77,31,5,1.007e-09,-9607,75657,-0.127,0.0,-2.1,hayir
UGC11914,Sa–Sab,1,1.96,0.80,31,5,9.617e-10,-8602,76079,-0.113,0.0,-1.9,hayir
UGC11914,Sa–Sab,1,2.05,0.84,31,5,9.210e-10,-8141,76540,-0.106,0.0,-1.8,hayir
UGC11914,Sa–Sab,1,2.16,0.89,31,5,8.759e-10,-7600,77081,-0.099,0.0,-1.7,hayir
UGC11914,Sa–Sab,1,2.25,0.92,31,5,8.421e-10,-6597,77503,-0.085,0.0,-1.4,hayir
UGC11914,Sa–Sab,1,2.34,0.96,31,5,8.111e-10,-6173,77927,-0.079,0.0,-1.3,hayir
UGC11914,Sa–Sab,1,2.43,1.00,31,5,7.834e-10,-5690,78410,-0.073,0.0,-1.2,hayir
UGC11914,Sa–Sab,1,2.46,1.01,31,5,7.749e-10,-5505,78595,-0.070,0.0,-1.2,hayir
UGC11914,Sa–Sab,1,2.53,1.04,31,5,7.556e-10,-5101,78999,-0.065,0.0,-1.1,hayir
UGC11914,Sa–Sab,1,2.62,1.07,31,5,7.321e-10,-4614,79486,-0.058,0.0,-1.0,hayir
UGC11914,Sa–Sab,1,2.71,1.11,31,5,7.106e-10,-4099,80001,-0.051,0.0,-0.9,hayir
UGC11914,Sa–Sab,1,2.80,1.15,31,5,6.898e-10,-3657,80443,-0.045,0.0,-0.8,hayir
UGC11914,Sa–Sab,1,2.99,1.23,31,5,6.475e-10,-2999,81101,-0.037,0.0,-0.6,hayir
UGC11914,Sa–Sab,1,3.28,1.34,31,5,5.884e-10,-3066,81615,-0.038,0.0,-0.6,hayir
UGC11914,Sa–Sab,1,3.74,1.53,31,5,5.066e-10,-3785,81479,-0.046,0.0,-0.8,hayir
UGC11914,Sa–Sab,1,3.83,1.57,31,5,4.924e-10,-3898,81366,-0.048,0.0,-0.8,hayir
UGC11914,Sa–Sab,1,4.02,1.65,31,5,4.645e-10,-4130,81134,-0.051,0.0,-0.9,hayir
UGC11914,Sa–Sab,1,4.09,1.68,31,5,4.548e-10,-4241,81023,-0.052,0.0,-0.9,hayir
UGC11914,Sa–Sab,1,4.12,1.69,31,5,4.507e-10,-4291,80973,-0.053,0.0,-0.9,hayir
UGC11914,Sa–Sab,1,4.30,1.76,31,5,4.269e-10,-4076,80605,-0.051,0.0,-0.9,hayir
UGC11914,Sa–Sab,1,4.39,1.80,31,5,4.154e-10,-4312,80369,-0.054,0.0,-0.9,hayir
UGC11914,Sa–Sab,1,4.49,1.84,31,5,4.032e-10,-4560,80121,-0.057,0.0,-1.0,hayir
UGC11914,Sa–Sab,1,4.58,1.88,31,5,3.927e-10,-4215,79885,-0.053,0.0,-0.9,hayir
UGC11914,Sa–Sab,1,4.87,2.00,31,5,3.615e-10,-4415,79106,-0.056,0.0,-1.0,hayir
UGC11914,Sa–Sab,1,4.91,2.01,31,5,3.575e-10,-3947,78997,-0.050,0.0,-0.9,hayir
UGC11914,Sa–Sab,1,4.96,2.03,31,5,3.525e-10,-4085,78859,-0.052,0.0,-0.9,hayir
UGC11914,Sa–Sab,1,5.05,2.07,31,5,3.440e-10,-3742,78627,-0.048,0.0,-0.8,hayir
UGC11914,Sa–Sab,1,5.14,2.11,31,5,3.357e-10,-3985,78384,-0.051,0.0,-0.9,hayir
UGC11914,Sa–Sab,1,5.24,2.15,31,5,3.269e-10,-3676,78120,-0.047,0.0,-0.8,hayir
UGC11914,Sa–Sab,1,5.33,2.18,31,5,3.192e-10,-3920,77876,-0.050,0.0,-0.9,hayir
UGC11914,Sa–Sab,1,5.42,2.22,31,5,3.119e-10,-3580,77645,-0.046,0.0,-0.8,hayir
UGC11914,Sa–Sab,1,5.51,2.26,31,5,3.048e-10,-3815,77410,-0.049,0.0,-0.8,hayir
UGC11914,Sa–Sab,1,5.61,2.30,31,5,2.973e-10,-3479,77177,-0.045,0.0,-0.8,hayir
UGC11914,Sa–Sab,1,5.71,2.34,31,5,2.903e-10,-3677,76979,-0.048,0.0,-0.8,hayir
UGC11914,Sa–Sab,1,5.80,2.38,31,5,2.843e-10,-3286,76803,-0.043,0.0,-0.7,hayir
UGC11914,Sa–Sab,1,5.89,2.41,31,5,2.783e-10,-3472,76617,-0.045,0.0,-0.8,hayir
UGC11914,Sa–Sab,1,5.98,2.45,31,5,2.727e-10,-3639,76450,-0.048,0.0,-0.8,hayir
UGC11914,Sa–Sab,1,6.08,2.49,31,5,2.666e-10,-3834,76255,-0.050,0.0,-0.9,hayir
UGC11914,Sa–Sab,1,6.15,2.52,31,5,2.625e-10,-3951,76138,-0.052,0.0,-0.9,hayir
UGC11914,Sa–Sab,1,6.17,2.53,31,5,2.614e-10,-3979,76110,-0.052,0.0,-0.9,hayir
UGC11914,Sa–Sab,1,6.26,2.57,31,5,2.563e-10,-4133,75956,-0.054,0.0,-0.9,hayir
UGC11914,Sa–Sab,1,6.35,2.60,31,5,2.514e-10,-4291,75798,-0.057,0.0,-1.0,hayir
UGC11914,Sa–Sab,1,6.73,2.76,31,5,2.320e-10,-5562,75094,-0.074,0.0,-1.3,hayir
UGC11914,Sa–Sab,1,6.83,2.80,31,5,2.272e-10,-5766,74890,-0.077,0.0,-1.3,hayir
UGC11914,Sa–Sab,1,6.92,2.84,31,5,2.230e-10,-6524,74701,-0.087,0.0,-1.5,hayir
UGC11914,Sa–Sab,1,7.37,3.02,31,5,2.030e-10,-9293,73651,-0.126,0.0,-2.1,hayir
UGC11914,Sa–Sab,1,8.60,3.52,31,5,1.569e-10,-18271,69938,-0.261,0.0,-4.3,hayir
UGC11914,Sa–Sab,1,9.83,4.03,31,5,1.217e-10,-27334,65691,-0.416,0.0,-6.8,hayir
ESO563-G021,Sb–Sbc,1,1.34,0.25,83,3,1.746e-10,+10540,13939,+0.756,146.4,+53.7,evet
ESO563-G021,Sb–Sbc,1,2.23,0.41,83,3,1.373e-10,+13670,19160,+0.713,129.2,+50.9,evet
ESO563-G021,Sb–Sbc,1,3.12,0.57,83,3,1.110e-10,+8749,22910,+0.382,87.4,+31.7,hayir
ESO563-G021,Sb–Sbc,1,4.01,0.74,83,3,1.007e-10,+7231,27112,+0.267,70.1,+24.8,hayir
ESO563-G021,Sb–Sbc,1,4.90,0.90,83,3,1.022e-10,-5470,32555,-0.168,0.0,-7.0,hayir
ESO563-G021,Sb–Sbc,1,5.79,1.06,83,3,1.110e-10,-12188,39341,-0.310,0.0,-7.0,hayir
ESO563-G021,Sb–Sbc,1,6.69,1.23,83,3,1.150e-10,-15011,45505,-0.330,0.0,-7.0,hayir
ESO563-G021,Sb–Sbc,1,7.58,1.39,83,3,1.118e-10,-21862,49962,-0.438,0.0,-7.0,hayir
ESO563-G021,Sb–Sbc,1,8.47,1.55,83,3,1.118e-10,-25135,54954,-0.457,0.0,-7.0,hayir
ESO563-G021,Sb–Sbc,1,10.23,1.88,83,3,1.079e-10,-21455,63226,-0.339,0.0,-7.0,hayir
ESO563-G021,Sb–Sbc,1,12.06,2.21,83,3,1.016e-10,-26156,69944,-0.374,0.0,-7.0,hayir
IC4202,Sb–Sbc,1,1.59,0.33,90,1,4.625e-10,+26707,32776,+0.815,200.4,+64.5,evet
IC4202,Sb–Sbc,1,2.36,0.49,90,1,3.244e-10,+23605,36830,+0.641,154.6,+53.2,evet
IC4202,Sb–Sbc,1,3.13,0.65,90,1,2.446e-10,+14847,39183,+0.379,106.5,+38.0,hayir
IC4202,Sb–Sbc,1,3.95,0.83,90,1,2.072e-10,+6086,42950,+0.142,60.7,+22.1,hayir
IC4202,Sb–Sbc,1,4.73,0.99,90,1,1.848e-10,+4643,46259,+0.100,48.4,+18.5,hayir
IC4202,Sb–Sbc,1,5.50,1.15,90,1,1.588e-10,+3805,47486,+0.080,40.7,+16.4,hayir
IC4202,Sb–Sbc,1,6.27,1.31,90,1,1.372e-10,-227,48173,-0.005,0.0,+0.0,hayir
IC4202,Sb–Sbc,1,7.08,1.48,90,1,1.246e-10,-3346,50015,-0.067,0.0,+0.0,hayir
IC4202,Sb–Sbc,1,7.86,1.64,90,1,1.190e-10,-2427,52798,-0.046,0.0,+0.0,hayir
IC4202,Sb–Sbc,1,8.66,1.81,90,1,1.145e-10,-4375,55650,-0.079,0.0,+0.0,hayir
IC4202,Sb–Sbc,1,9.45,1.98,90,1,1.094e-10,-2553,57963,-0.044,0.0,+0.0,hayir
IC4202,Sb–Sbc,1,10.24,2.14,90,1,1.034e-10,+2488,59609,+0.042,24.1,+11.8,hayir
NGC0289,Sb–Sbc,2,2.52,0.37,46,5,3.303e-10,-3112,34524,-0.090,0.0,-2.7,hayir
NGC0289,Sb–Sbc,2,3.46,0.51,46,5,2.186e-10,+4284,34909,+0.123,64.6,+3.6,hayir
NGC0289,Sb–Sbc,2,4.32,0.64,46,5,1.831e-10,+3457,37682,+0.092,51.9,+2.7,hayir
NGC0289,Sb–Sbc,2,5.43,0.81,46,5,1.468e-10,+8830,39455,+0.224,74.0,+6.7,hayir
NGC0289,Sb–Sbc,2,6.38,0.95,46,5,1.138e-10,+10093,37982,+0.266,73.0,+7.9,hayir
NGC0891,Sb–Sbc,1,2.32,0.91,90,1,8.893e-10,+43534,80398,+0.541,154.7,+47.4,evet
NGC0891,Sb–Sbc,1,3.24,1.27,90,1,7.042e-10,+45855,90799,+0.505,134.3,+45.3,evet
NGC0891,Sb–Sbc,1,4.17,1.64,90,1,4.830e-10,+34751,84480,+0.411,103.1,+39.9,evet
NGC0891,Sb–Sbc,1,5.10,2.00,90,1,3.455e-10,+28578,77862,+0.367,84.5,+37.3,evet
NGC0891,Sb–Sbc,1,6.03,2.36,90,1,2.624e-10,+23031,73207,+0.315,69.8,+34.1,hayir
NGC0891,Sb–Sbc,1,6.96,2.73,90,1,2.099e-10,+19997,70173,+0.285,60.5,+32.3,hayir
NGC0891,Sb–Sbc,1,7.89,3.09,90,1,1.690e-10,+15766,66842,+0.236,50.5,+29.1,hayir
NGC0891,Sb–Sbc,1,8.80,3.45,90,1,1.440e-10,+14252,65328,+0.218,45.4,+27.8,hayir
NGC0891,Sb–Sbc,1,9.73,3.82,90,1,1.186e-10,+10813,62342,+0.173,37.6,+24.6,hayir
NGC0891,Sb–Sbc,1,10.64,4.17,90,1,1.011e-10,+8844,60373,+0.146,32.6,+22.5,hayir
NGC1090,Sb–Sbc,1,1.07,0.30,64,3,1.462e-10,+5674,9481,+0.598,96.7,+29.3,evet
NGC1090,Sb–Sbc,1,1.60,0.45,64,3,1.321e-10,+6124,12734,+0.481,82.2,+23.6,hayir
NGC2683,Sb–Sbc,2,2.89,1.33,80,5,2.968e-10,-8575,27146,-0.316,0.0,-10.0,hayir
NGC2683,Sb–Sbc,2,5.77,2.65,80,5,1.660e-10,-771,44173,-0.017,0.0,-3.4,hayir
NGC2841,Sb–Sbc,1,3.77,1.04,76,10,4.421e-10,-31828,56381,-0.565,0.0,-14.0,hayir
NGC2841,Sb–Sbc,1,4.13,1.13,76,10,3.924e-10,-34595,57214,-0.605,0.0,-14.0,hayir
NGC2841,Sb–Sbc,1,4.47,1.23,76,10,3.544e-10,-35917,57719,-0.622,0.0,-14.0,hayir
NGC2841,Sb–Sbc,1,4.80,1.32,76,10,3.237e-10,-36132,58117,-0.622,0.0,-14.0,hayir
NGC2841,Sb–Sbc,1,5.13,1.41,76,10,2.985e-10,-33807,58609,-0.577,0.0,-14.0,hayir
NGC2841,Sb–Sbc,1,5.48,1.51,76,10,2.764e-10,-35628,59236,-0.601,0.0,-14.0,hayir
NGC2841,Sb–Sbc,1,5.83,1.60,76,10,2.566e-10,-38277,59692,-0.641,0.0,-14.0,hayir
NGC2841,Sb–Sbc,1,6.16,1.69,76,10,2.405e-10,-38458,60138,-0.640,0.0,-14.0,hayir
NGC2841,Sb–Sbc,1,6.51,1.79,76,10,2.289e-10,-37898,61327,-0.618,0.0,-14.0,hayir
NGC2841,Sb–Sbc,1,6.86,1.88,76,10,2.185e-10,-38000,62489,-0.608,0.0,-14.0,hayir
NGC2841,Sb–Sbc,1,7.18,1.97,76,10,2.093e-10,-39042,63358,-0.616,0.0,-14.0,hayir
NGC2841,Sb–Sbc,1,7.51,2.06,76,10,2.007e-10,-35599,64257,-0.554,0.0,-14.0,hayir
NGC2841,Sb–Sbc,1,7.85,2.16,76,10,1.937e-10,-35700,65424,-0.546,0.0,-14.0,hayir
NGC2841,Sb–Sbc,1,8.21,2.26,76,10,1.862e-10,-36598,66443,-0.551,0.0,-14.0,hayir
NGC2841,Sb–Sbc,1,8.57,2.35,76,10,1.778e-10,-37393,66936,-0.559,0.0,-14.0,hayir
NGC2841,Sb–Sbc,1,8.90,2.45,76,10,1.700e-10,-35858,67183,-0.534,0.0,-14.0,hayir
NGC2841,Sb–Sbc,1,9.24,2.54,76,10,1.618e-10,-37178,67151,-0.554,0.0,-14.0,hayir
NGC2841,Sb–Sbc,1,9.60,2.64,76,10,1.535e-10,-37298,67031,-0.556,0.0,-14.0,hayir
NGC2841,Sb–Sbc,1,9.93,2.73,76,10,1.469e-10,-36611,67073,-0.546,0.0,-14.0,hayir
NGC2841,Sb–Sbc,1,10.27,2.82,76,10,1.411e-10,-35783,67258,-0.532,0.0,-14.0,hayir
NGC2841,Sb–Sbc,1,10.60,2.91,76,10,1.358e-10,-36931,67398,-0.548,0.0,-14.0,hayir
NGC2841,Sb–Sbc,1,10.93,3.00,76,10,1.309e-10,-36130,67554,-0.535,0.0,-14.0,hayir
NGC2841,Sb–Sbc,1,11.27,3.10,76,10,1.259e-10,-35401,67640,-0.523,0.0,-14.0,hayir
NGC2841,Sb–Sbc,1,12.31,3.38,76,10,1.110e-10,-37050,67279,-0.551,0.0,-14.0,hayir
NGC2903,Sb–Sbc,1,0.64,0.27,66,3,1.056e-09,+22159,26255,+0.844,200.8,+44.8,evet
NGC2903,Sb–Sbc,1,0.96,0.41,66,3,7.381e-10,+12871,29255,+0.440,125.0,+22.9,evet
NGC2903,Sb–Sbc,1,1.28,0.55,66,3,6.078e-10,+11206,33110,+0.338,101.0,+18.0,evet
NGC2903,Sb–Sbc,1,1.60,0.69,66,3,5.171e-10,+11496,36145,+0.318,91.5,+17.0,evet
NGC2903,Sb–Sbc,1,1.92,0.82,66,3,4.548e-10,+3253,38974,+0.083,44.4,+5.0,hayir
NGC2903,Sb–Sbc,1,2.24,0.96,66,3,4.577e-10,+7069,45094,+0.157,60.6,+9.0,hayir
NGC2903,Sb–Sbc,1,2.56,1.10,66,3,4.932e-10,+13455,53856,+0.250,78.2,+13.7,hayir
NGC2903,Sb–Sbc,1,2.88,1.24,66,3,4.811e-10,+13100,58896,+0.222,72.8,+12.3,hayir
NGC2903,Sb–Sbc,1,3.20,1.37,66,3,4.599e-10,+16274,62499,+0.260,77.0,+14.2,hayir
NGC2903,Sb–Sbc,1,3.52,1.51,66,3,4.126e-10,+16373,62598,+0.262,73.6,+14.3,hayir
NGC2903,Sb–Sbc,1,3.84,1.65,66,3,3.573e-10,+13987,60643,+0.231,65.1,+12.7,hayir
NGC2903,Sb–Sbc,1,4.80,2.06,66,3,2.588e-10,+12071,57867,+0.209,54.1,+11.6,hayir
NGC2903,Sb–Sbc,1,5.76,2.47,66,3,1.879e-10,+9545,53645,+0.178,43.9,+10.1,hayir
NGC2903,Sb–Sbc,1,6.72,2.88,66,3,1.382e-10,+7252,49277,+0.147,35.5,+8.5,hayir
NGC2903,Sb–Sbc,1,7.68,3.30,66,3,1.061e-10,+4854,46063,+0.105,27.1,+6.2,hayir
NGC2955,Sb–Sbc,1,1.55,0.08,56,7,7.757e-10,+9976,51185,+0.195,245.7,+7.9,hayir
NGC2955,Sb–Sbc,1,2.30,0.12,56,7,6.573e-10,+12405,66229,+0.187,224.9,+7.6,hayir
NGC2955,Sb–Sbc,1,3.06,0.16,56,7,6.050e-10,+15283,80819,+0.189,216.4,+7.7,hayir
NGC2955,Sb–Sbc,1,3.85,0.21,56,7,5.240e-10,+27477,88981,+0.309,258.7,+12.4,evet
NGC2955,Sb–Sbc,1,4.61,0.25,56,7,4.486e-10,+28632,92641,+0.309,241.4,+12.4,hayir
NGC2955,Sb–Sbc,1,5.36,0.29,56,7,3.825e-10,+21375,93736,+0.228,193.4,+9.2,hayir
NGC2955,Sb–Sbc,1,6.12,0.33,56,7,3.293e-10,+22243,94067,+0.236,184.6,+9.6,hayir
NGC2955,Sb–Sbc,1,6.91,0.37,56,7,2.879e-10,+26963,94563,+0.285,191.3,+11.5,hayir
NGC2955,Sb–Sbc,1,7.66,0.41,56,7,2.592e-10,+35517,95542,+0.372,208.5,+14.9,evet
NGC2955,Sb–Sbc,1,8.42,0.45,56,7,2.305e-10,+34083,95092,+0.358,194.9,+14.4,hayir
NGC2955,Sb–Sbc,1,8.86,0.47,56,7,2.144e-10,+22987,94276,+0.244,156.0,+9.9,hayir
NGC2955,Sb–Sbc,1,9.21,0.49,56,7,2.021e-10,+28393,93418,+0.304,170.1,+12.2,hayir
NGC2955,Sb–Sbc,1,10.82,0.58,56,7,1.578e-10,+26003,90012,+0.289,150.1,+11.6,hayir
NGC2955,Sb–Sbc,1,11.56,0.62,56,7,1.425e-10,+15294,88735,+0.172,111.4,+7.0,hayir
NGC2955,Sb–Sbc,1,12.40,0.66,56,7,1.279e-10,+11308,87484,+0.129,92.5,+5.3,hayir
NGC2955,Sb–Sbc,1,14.17,0.76,56,7,1.078e-10,+11389,87014,+0.131,86.8,+5.4,hayir
NGC3521,Sb–Sbc,1,0.69,0.29,75,5,1.069e-09,+1599,27199,+0.059,52.7,+5.4,hayir
NGC3521,Sb–Sbc,1,0.86,0.36,75,5,9.849e-10,+704,32388,+0.022,31.3,+2.2,hayir
NGC3521,Sb–Sbc,1,1.03,0.43,75,5,9.237e-10,+1640,36984,+0.044,43.7,+4.2,hayir
NGC3521,Sb–Sbc,1,1.20,0.50,75,5,8.105e-10,+3724,38693,+0.096,61.0,+8.3,hayir
NGC3521,Sb–Sbc,1,1.38,0.57,75,5,7.226e-10,+2400,40425,+0.059,45.7,+5.5,hayir
NGC3521,Sb–Sbc,1,1.55,0.65,75,5,6.626e-10,+2618,42219,+0.062,45.0,+5.7,hayir
NGC3521,Sb–Sbc,1,1.71,0.71,75,5,6.325e-10,+3463,44672,+0.078,49.3,+6.9,hayir
NGC3521,Sb–Sbc,1,1.89,0.79,75,5,5.927e-10,+4232,46668,+0.091,51.8,+7.9,hayir
NGC3521,Sb–Sbc,1,2.06,0.86,75,5,5.745e-10,+4812,49333,+0.098,52.9,+8.4,hayir
NGC3521,Sb–Sbc,1,2.23,0.93,75,5,5.499e-10,+3344,51305,+0.065,42.4,+5.9,hayir
NGC3521,Sb–Sbc,1,2.41,1.00,75,5,5.153e-10,+5710,52366,+0.109,53.3,+9.3,hayir
NGC3521,Sb–Sbc,1,2.58,1.08,75,5,4.734e-10,+6419,52215,+0.123,54.6,+10.2,hayir
NGC3521,Sb–Sbc,1,2.75,1.15,75,5,4.426e-10,+7162,52531,+0.136,55.9,+11.1,hayir
NGC3521,Sb–Sbc,1,2.92,1.22,75,5,4.158e-10,+8778,52878,+0.166,60.1,+13.1,hayir
NGC3521,Sb–Sbc,1,3.09,1.29,75,5,3.972e-10,+7914,53710,+0.147,55.4,+11.9,hayir
NGC3521,Sb–Sbc,1,3.26,1.36,75,5,3.795e-10,+9050,54419,+0.166,57.7,+13.1,hayir
NGC3521,Sb–Sbc,1,3.43,1.43,75,5,3.663e-10,+10449,55393,+0.189,60.5,+14.5,hayir
NGC3521,Sb–Sbc,1,3.61,1.50,75,5,3.494e-10,+9697,55922,+0.173,56.8,+13.6,hayir
NGC3521,Sb–Sbc,1,3.78,1.57,75,5,3.387e-10,+9774,56863,+0.172,55.7,+13.5,hayir
NGC3521,Sb–Sbc,1,3.95,1.65,75,5,3.266e-10,+9530,57491,+0.166,53.8,+13.1,hayir
NGC3521,Sb–Sbc,1,4.12,1.72,75,5,3.157e-10,+9715,58115,+0.167,53.2,+13.2,hayir
NGC3521,Sb–Sbc,1,4.29,1.79,75,5,3.009e-10,+10555,58079,+0.182,54.3,+14.1,hayir
NGC3521,Sb–Sbc,1,4.46,1.86,75,5,2.865e-10,+9495,57895,+0.164,50.5,+13.0,hayir
NGC3521,Sb–Sbc,1,4.64,1.93,75,5,2.687e-10,+8751,57151,+0.153,47.6,+12.3,hayir
NGC3521,Sb–Sbc,1,4.81,2.00,75,5,2.524e-10,+9664,56320,+0.172,49.1,+13.5,hayir
NGC3521,Sb–Sbc,1,4.98,2.08,75,5,2.365e-10,+6960,55360,+0.126,41.0,+10.4,hayir
NGC3521,Sb–Sbc,1,5.15,2.15,75,5,2.228e-10,+7026,54550,+0.129,40.5,+10.6,hayir
NGC3521,Sb–Sbc,1,5.32,2.22,75,5,2.098e-10,+8341,53710,+0.155,43.4,+12.4,hayir
NGC3521,Sb–Sbc,1,5.49,2.29,75,5,1.981e-10,+6722,52947,+0.127,38.3,+10.5,hayir
NGC3521,Sb–Sbc,1,5.67,2.36,75,5,1.869e-10,+5553,52209,+0.106,34.3,+9.1,hayir
NGC3521,Sb–Sbc,1,5.84,2.43,75,5,1.774e-10,+8323,51587,+0.161,41.4,+12.8,hayir
NGC3521,Sb–Sbc,1,6.01,2.50,75,5,1.687e-10,+6057,51001,+0.119,34.8,+9.9,hayir
NGC3521,Sb–Sbc,1,6.19,2.58,75,5,1.605e-10,+5108,50477,+0.101,31.5,+8.7,hayir
NGC3521,Sb–Sbc,1,6.35,2.65,75,5,1.537e-10,+3362,50018,+0.067,25.2,+6.1,hayir
NGC3521,Sb–Sbc,1,6.64,2.77,75,5,1.419e-10,+5037,49137,+0.103,30.2,+8.8,hayir
NGC3769,Sb–Sbc,2,1.74,0.51,70,2,1.510e-10,+1265,8921,+0.142,35.1,+9.5,evet
NGC3949,Sb–Sbc,2,2.61,0.73,55,2,2.149e-10,+3077,24102,+0.128,46.0,+5.1,hayir
NGC3949,Sb–Sbc,2,3.50,0.97,55,2,1.901e-10,+6865,29969,+0.229,59.3,+9.0,hayir
NGC3949,Sb–Sbc,2,4.37,1.22,55,2,1.393e-10,+4974,29623,+0.168,45.2,+6.6,hayir
NGC3949,Sb–Sbc,2,5.24,1.46,55,2,1.075e-10,+3192,29113,+0.110,33.1,+4.4,hayir
NGC3953,Sb–Sbc,1,5.24,1.07,62,1,1.482e-10,-6391,34818,-0.184,0.0,-11.9,hayir
NGC3953,Sb–Sbc,1,6.98,1.43,62,1,1.219e-10,-4995,41661,-0.120,0.0,-7.1,hayir
NGC3953,Sb–Sbc,1,8.72,1.78,62,1,1.112e-10,-1039,48690,-0.021,0.0,-1.2,hayir
NGC4013,Sb–Sbc,2,6.17,1.75,89,1,1.417e-10,-4987,33038,-0.151,0.0,-1.0,hayir
NGC4013,Sb–Sbc,2,6.92,1.96,89,1,1.295e-10,-1312,36324,-0.036,0.0,-1.0,hayir
NGC4013,Sb–Sbc,2,7.69,2.18,89,1,1.172e-10,+186,38211,+0.005,6.5,+3.1,hayir
NGC4013,Sb–Sbc,2,8.36,2.37,89,1,1.062e-10,+849,38874,+0.022,13.4,+7.6,hayir
NGC4088,Sb–Sbc,1,3.50,1.36,69,2,1.505e-10,+8792,27288,+0.322,56.9,+18.8,hayir
NGC4088,Sb–Sbc,1,5.24,2.03,69,2,1.813e-10,+19867,46111,+0.431,69.9,+24.2,evet
NGC4088,Sb–Sbc,1,6.98,2.71,69,2,1.666e-10,+24540,56581,+0.434,67.3,+24.4,evet
NGC4088,Sb–Sbc,1,8.72,3.38,69,2,1.169e-10,+21278,54402,+0.391,56.1,+22.2,hayir
NGC4100,Sb–Sbc,1,6.11,2.84,73,2,1.047e-10,-3286,32814,-0.100,0.0,-17.0,hayir
NGC4100,Sb–Sbc,1,6.98,3.25,73,2,1.017e-10,-1292,36344,-0.036,0.0,-3.7,hayir
NGC4157,Sb–Sbc,1,3.50,1.51,82,3,2.370e-10,+13322,37971,+0.351,66.4,+29.1,evet
NGC4157,Sb–Sbc,1,5.24,2.26,82,3,1.846e-10,+10249,47113,+0.218,47.6,+20.8,hayir
NGC4157,Sb–Sbc,1,6.98,3.01,82,3,1.476e-10,+11628,52029,+0.223,44.0,+21.2,hayir
NGC4157,Sb–Sbc,1,8.72,3.76,82,3,1.231e-10,+15035,55436,+0.271,44.7,+24.3,hayir
NGC4217,Sb–Sbc,1,1.74,0.59,86,2,6.351e-10,+38248,48029,+0.796,179.8,+59.2,evet
NGC4217,Sb–Sbc,1,2.61,0.89,86,2,6.054e-10,+47008,68324,+0.688,162.7,+52.1,evet
NGC4217,Sb–Sbc,1,3.50,1.19,86,2,5.092e-10,+50407,77303,+0.652,145.5,+50.0,evet
NGC4217,Sb–Sbc,1,4.37,1.49,86,2,3.643e-10,+42038,72314,+0.581,118.9,+45.8,evet
NGC4217,Sb–Sbc,1,5.24,1.78,86,2,2.677e-10,+36306,66931,+0.542,100.9,+43.6,evet
NGC4217,Sb–Sbc,1,6.11,2.08,86,2,2.071e-10,+29198,63054,+0.463,83.8,+39.0,evet
NGC4217,Sb–Sbc,1,6.98,2.37,86,2,1.653e-10,+25623,59848,+0.428,73.5,+37.0,evet
NGC4217,Sb–Sbc,1,7.85,2.67,86,2,1.379e-10,+22593,57937,+0.390,65.0,+34.8,hayir
NGC4217,Sb–Sbc,1,8.72,2.97,86,2,1.119e-10,+18764,54864,+0.342,56.2,+32.0,hayir
NGC5005,Sb–Sbc,1,0.49,0.05,68,2,2.981e-09,+2896,47417,+0.061,167.1,+4.0,evet
NGC5005,Sb–Sbc,1,0.98,0.10,68,2,2.194e-09,+25009,79298,+0.315,347.2,+17.9,evet
NGC5005,Sb–Sbc,1,1.47,0.16,68,2,1.384e-09,+27072,78601,+0.344,295.0,+19.3,evet
NGC5005,Sb–Sbc,1,1.97,0.21,68,2,9.612e-10,+21591,76347,+0.283,227.6,+16.3,evet
NGC5005,Sb–Sbc,1,2.46,0.26,68,2,7.765e-10,+18796,78821,+0.238,190.0,+14.0,hayir
NGC5005,Sb–Sbc,1,2.95,0.31,68,2,6.630e-10,+22630,82166,+0.275,190.4,+15.9,evet
NGC5005,Sb–Sbc,1,3.44,0.36,68,2,5.777e-10,+16618,84739,+0.196,151.1,+11.8,hayir
NGC5005,Sb–Sbc,1,3.93,0.42,68,2,4.908e-10,+16985,84066,+0.202,142.9,+12.1,hayir
NGC5005,Sb–Sbc,1,4.42,0.47,68,2,4.190e-10,+16026,82590,+0.194,130.9,+11.7,hayir
NGC5005,Sb–Sbc,1,4.92,0.52,68,2,3.682e-10,+15660,82224,+0.190,122.6,+11.5,hayir
NGC5005,Sb–Sbc,1,5.74,0.61,68,2,3.079e-10,+14062,82183,+0.171,107.6,+10.4,hayir
NGC5005,Sb–Sbc,1,6.56,0.69,68,2,2.642e-10,+13102,82271,+0.159,97.1,+9.8,hayir
NGC5005,Sb–Sbc,1,7.37,0.78,68,2,2.261e-10,+11462,81158,+0.141,85.7,+8.8,hayir
NGC5005,Sb–Sbc,1,8.19,0.87,68,2,1.977e-10,+10316,80541,+0.128,77.1,+8.0,hayir
NGC5005,Sb–Sbc,1,9.01,0.95,68,2,1.755e-10,+9892,80117,+0.123,72.0,+7.8,hayir
NGC5005,Sb–Sbc,1,9.83,1.04,68,2,1.541e-10,+8909,78605,+0.113,65.4,+7.2,hayir
NGC5005,Sb–Sbc,1,10.65,1.13,68,2,1.333e-10,+6272,75968,+0.083,52.8,+5.4,hayir
NGC5005,Sb–Sbc,1,11.47,1.21,68,2,1.147e-10,+2693,72918,+0.037,33.3,+2.5,hayir
NGC5055,Sb–Sbc,1,1.43,0.45,55,6,6.537e-10,+11890,38134,+0.312,115.3,+12.2,evet
NGC5055,Sb–Sbc,1,2.16,0.68,55,6,5.202e-10,+16117,47801,+0.337,109.3,+13.2,evet
NGC5055,Sb–Sbc,1,2.87,0.90,55,6,4.453e-10,+18024,55273,+0.326,100.2,+12.7,evet
NGC5055,Sb–Sbc,1,3.59,1.12,55,6,3.375e-10,+18288,55152,+0.332,90.3,+13.0,evet
NGC5055,Sb–Sbc,1,4.30,1.34,55,6,2.794e-10,+20300,56400,+0.360,86.9,+14.1,evet
NGC5055,Sb–Sbc,1,5.03,1.57,55,6,2.418e-10,+20315,58340,+0.348,80.4,+13.6,hayir
NGC5055,Sb–Sbc,1,5.75,1.80,55,6,2.162e-10,+20076,60477,+0.332,74.7,+13.0,hayir
NGC5055,Sb–Sbc,1,6.46,2.02,55,6,1.981e-10,+21132,62748,+0.337,72.3,+13.2,hayir
NGC5055,Sb–Sbc,1,7.18,2.24,55,6,1.737e-10,+21094,62710,+0.336,68.6,+13.1,hayir
NGC5055,Sb–Sbc,1,7.91,2.47,55,6,1.537e-10,+20127,62563,+0.322,63.8,+12.6,hayir
NGC5055,Sb–Sbc,1,8.62,2.69,55,6,1.372e-10,+19810,62246,+0.318,60.6,+12.4,hayir
NGC5371,Sb–Sbc,1,2.88,0.39,53,2,3.043e-10,-7751,38474,-0.201,0.0,-8.1,hayir
NGC5371,Sb–Sbc,1,4.33,0.58,53,2,2.076e-10,-2477,43748,-0.057,0.0,-2.2,hayir
NGC5371,Sb–Sbc,1,5.78,0.78,53,2,1.666e-10,+3736,49532,+0.075,49.0,+2.8,hayir
NGC5371,Sb–Sbc,1,7.22,0.97,53,2,1.351e-10,+6842,53067,+0.129,59.4,+4.8,hayir
NGC5371,Sb–Sbc,1,8.66,1.16,53,2,1.198e-10,+9070,57911,+0.157,62.4,+5.8,hayir
NGC5371,Sb–Sbc,1,11.55,1.55,53,2,1.116e-10,+16882,71171,+0.237,73.7,+8.8,hayir
NGC5371,Sb–Sbc,1,14.48,1.95,53,2,1.023e-10,+25521,81690,+0.312,81.0,+11.5,hayir
NGC5985,Sb–Sbc,1,4.23,0.60,60,2,1.152e-10,-32267,20633,-1.564,0.0,-30.0,hayir
NGC6195,Sb–Sbc,1,2.34,0.17,62,5,6.976e-10,+9630,65799,+0.146,169.4,+7.3,hayir
NGC6195,Sb–Sbc,1,3.33,0.24,62,5,5.157e-10,+12640,73649,+0.172,162.7,+8.5,hayir
NGC6195,Sb–Sbc,1,4.34,0.31,62,5,4.072e-10,+20356,78920,+0.258,180.8,+12.5,hayir
NGC6195,Sb–Sbc,1,5.35,0.38,62,5,3.310e-10,+24296,81896,+0.297,177.9,+14.2,hayir
NGC6195,Sb–Sbc,1,6.34,0.45,62,5,2.837e-10,+30763,85052,+0.362,183.9,+17.1,evet
NGC6195,Sb–Sbc,1,7.34,0.53,62,5,2.454e-10,+32704,86993,+0.376,176.2,+17.8,evet
NGC6195,Sb–Sbc,1,8.32,0.60,62,5,2.125e-10,+26378,87387,+0.302,148.7,+14.5,hayir
NGC6195,Sb–Sbc,1,9.34,0.67,62,5,1.834e-10,+25536,87040,+0.293,138.0,+14.1,hayir
NGC6195,Sb–Sbc,1,10.38,0.74,62,5,1.626e-10,+29012,87576,+0.331,139.6,+15.8,hayir
NGC6195,Sb–Sbc,1,11.36,0.81,62,5,1.459e-10,+24347,87851,+0.277,122.2,+13.3,hayir
NGC6195,Sb–Sbc,1,12.34,0.89,62,5,1.314e-10,+27913,87938,+0.317,125.6,+15.2,hayir
NGC6195,Sb–Sbc,1,13.32,0.96,62,5,1.209e-10,+27846,88855,+0.313,120.7,+15.0,hayir
NGC6195,Sb–Sbc,1,14.30,1.03,62,5,1.134e-10,+33789,90433,+0.374,128.3,+17.7,hayir
NGC6195,Sb–Sbc,1,15.47,1.11,62,5,1.066e-10,+30690,92691,+0.331,117.6,+15.8,hayir
NGC6195,Sb–Sbc,1,16.35,1.17,62,5,1.009e-10,+31162,93662,+0.333,115.3,+15.8,hayir
NGC6674,Sb–Sbc,1,7.49,1.24,54,6,1.330e-10,-29469,51756,-0.569,0.0,-36.0,hayir
NGC7331,Sb–Sbc,1,3.21,0.64,75,2,7.075e-10,+24321,80490,+0.302,137.9,+21.2,evet
NGC7331,Sb–Sbc,1,3.74,0.75,75,2,6.599e-10,+28520,90521,+0.315,138.4,+21.9,evet
NGC7331,Sb–Sbc,1,4.27,0.85,75,2,5.786e-10,+30695,93195,+0.329,134.3,+22.7,evet
NGC7331,Sb–Sbc,1,4.81,0.96,75,2,5.047e-10,+29851,93860,+0.318,124.8,+22.1,evet
NGC7331,Sb–Sbc,1,5.35,1.07,75,2,4.570e-10,+29978,96027,+0.312,118.6,+21.8,evet
NGC7331,Sb–Sbc,1,5.88,1.17,75,2,4.000e-10,+28365,94414,+0.300,110.0,+21.1,evet
NGC7331,Sb–Sbc,1,6.41,1.28,75,2,3.555e-10,+27113,93162,+0.291,103.0,+20.6,evet
NGC7331,Sb–Sbc,1,7.48,1.49,75,2,2.796e-10,+22906,88955,+0.258,87.7,+18.7,hayir
NGC7331,Sb–Sbc,1,8.55,1.70,75,2,2.158e-10,+17417,82442,+0.211,71.5,+15.9,hayir
NGC7331,Sb–Sbc,1,9.62,1.92,75,2,1.772e-10,+17533,79037,+0.222,67.6,+16.6,hayir
NGC7331,Sb–Sbc,1,10.66,2.12,75,2,1.491e-10,+15353,76362,+0.201,60.1,+15.3,hayir
NGC7331,Sb–Sbc,1,11.74,2.34,75,2,1.264e-10,+13400,73916,+0.181,53.5,+14.1,hayir
NGC7331,Sb–Sbc,1,12.83,2.56,75,2,1.100e-10,+12984,72520,+0.179,50.4,+13.9,hayir
F571-8,Sc–Scd,1,0.78,0.22,85,5,1.528e-10,+5892,7298,+0.807,116.0,+59.1,evet
F571-8,Sc–Scd,1,1.33,0.37,85,5,1.321e-10,+7224,10416,+0.694,98.3,+51.5,evet
NGC0801,Sc–Scd,1,1.56,0.18,80,1,4.612e-10,+9167,29331,+0.313,160.1,+25.3,evet
NGC0801,Sc–Scd,1,1.96,0.22,80,1,4.467e-10,-4775,37250,-0.128,0.0,-10.0,hayir
NGC0801,Sc–Scd,1,2.73,0.31,80,1,4.161e-10,-2433,49551,-0.049,0.0,-10.0,hayir
NGC0801,Sc–Scd,1,3.52,0.40,80,1,3.654e-10,+574,57218,+0.010,26.7,+1.5,hayir
NGC0801,Sc–Scd,1,10.59,1.21,80,1,1.125e-10,+19282,71723,+0.269,89.1,+22.6,hayir
NGC2403,Sc–Scd,1,0.46,0.33,63,3,1.135e-10,+702,3406,+0.206,32.6,+10.5,hayir
NGC2403,Sc–Scd,1,0.56,0.40,63,3,1.181e-10,+464,4172,+0.111,24.0,+5.9,hayir
NGC2403,Sc–Scd,1,0.66,0.47,63,3,1.125e-10,+374,4704,+0.080,19.9,+4.3,hayir
NGC2403,Sc–Scd,1,0.76,0.55,63,3,1.074e-10,+44,5185,+0.008,6.3,+0.5,hayir
NGC2403,Sc–Scd,1,0.86,0.62,63,3,1.004e-10,-2,5563,-0.000,0.0,-0.0,hayir
NGC2998,Sc–Scd,1,0.99,0.16,58,2,1.423e-10,-6178,9447,-0.654,0.0,-32.0,hayir
NGC2998,Sc–Scd,1,1.98,0.32,58,2,1.430e-10,-4111,17793,-0.231,0.0,-12.2,hayir
NGC2998,Sc–Scd,1,2.64,0.43,58,2,1.470e-10,-9077,23323,-0.389,0.0,-30.3,hayir
NGC2998,Sc–Scd,1,3.63,0.59,58,2,1.730e-10,-6404,33997,-0.188,0.0,-9.6,hayir
NGC2998,Sc–Scd,1,7.59,1.22,58,2,1.060e-10,+6550,48986,+0.134,51.7,+5.9,hayir
NGC3198,Sc–Scd,1,0.64,0.20,73,3,1.374e-10,+3009,4884,+0.616,85.9,+36.7,evet
NGC3198,Sc–Scd,1,0.96,0.31,73,3,1.053e-10,+4116,6186,+0.665,82.0,+39.4,evet
NGC3877,Sc–Scd,2,1.74,0.69,76,1,1.231e-10,+5245,11661,+0.450,61.8,+30.0,evet
NGC3893,Sc–Scd,1,1.74,0.73,49,2,3.866e-10,+958,21983,+0.044,25.6,+1.4,hayir
NGC3893,Sc–Scd,1,3.50,1.47,49,2,2.079e-10,+3062,33338,+0.092,32.3,+3.0,hayir
NGC3893,Sc–Scd,1,5.24,2.20,49,2,1.430e-10,-695,36941,-0.019,0.0,-0.6,hayir
NGC4085,Sc–Scd,2,1.74,1.05,82,2,1.582e-10,+7462,13846,+0.539,59.5,+39.7,evet
NGC4085,Sc–Scd,2,2.71,1.64,82,2,1.234e-10,+5344,17888,+0.299,40.3,+26.0,hayir
NGC4085,Sc–Scd,2,3.58,2.17,82,2,1.033e-10,+4309,20438,+0.211,31.5,+20.4,hayir
NGC5033,Sc–Scd,1,2.28,0.44,66,1,7.993e-10,+29363,75159,+0.391,182.3,+20.5,evet
NGC5033,Sc–Scd,1,3.80,0.74,66,1,4.115e-10,+21085,70369,+0.300,119.6,+16.1,hayir
NGC5033,Sc–Scd,1,5.33,1.03,66,1,2.392e-10,+12611,62787,+0.201,78.1,+11.2,hayir
NGC5033,Sc–Scd,1,6.85,1.33,66,1,1.554e-10,+6484,57109,+0.114,49.4,+6.7,hayir
NGC5033,Sc–Scd,1,8.00,1.55,66,1,1.154e-10,+3892,53176,+0.073,35.4,+4.4,hayir
NGC6015,Sc–Scd,2,1.00,0.43,60,2,1.047e-10,-1580,6647,-0.238,0.0,-14.5,hayir
NGC6503,Sc–Scd,1,1.52,0.70,74,2,1.630e-10,+2379,12379,+0.192,41.1,+14.2,hayir
NGC6503,Sc–Scd,1,2.28,1.06,74,2,1.459e-10,+4773,16873,+0.283,47.5,+19.5,hayir
NGC6946,Sc–Scd,1,0.56,0.23,38,2,1.264e-09,+10162,27062,+0.376,148.8,+8.9,evet
NGC6946,Sc–Scd,1,0.94,0.39,38,2,5.994e-10,+7610,23994,+0.317,99.4,+7.4,evet
NGC6946,Sc–Scd,1,1.22,0.50,38,2,4.295e-10,+5648,23604,+0.239,75.2,+5.5,hayir
NGC6946,Sc–Scd,1,1.59,0.65,38,2,3.261e-10,+7866,24507,+0.321,77.7,+7.5,hayir
NGC6946,Sc–Scd,1,1.96,0.80,38,2,2.635e-10,+8275,25436,+0.325,71.8,+7.6,hayir
NGC6946,Sc–Scd,1,2.34,0.96,38,2,2.321e-10,+8208,27252,+0.301,65.4,+7.0,hayir
NGC6946,Sc–Scd,1,2.71,1.11,38,2,2.210e-10,+10568,29889,+0.354,69.0,+8.3,hayir
NGC6946,Sc–Scd,1,2.99,1.23,38,2,2.029e-10,+10302,30751,+0.335,64.8,+7.9,hayir
NGC6946,Sc–Scd,1,3.37,1.38,38,2,1.866e-10,+10914,32230,+0.339,62.9,+8.0,hayir
NGC6946,Sc–Scd,1,3.74,1.53,38,2,1.711e-10,+9568,33284,+0.287,55.9,+6.7,hayir
NGC6946,Sc–Scd,1,4.12,1.69,38,2,1.583e-10,+8420,34341,+0.245,49.9,+5.7,hayir
NGC6946,Sc–Scd,1,4.40,1.80,38,2,1.521e-10,+7461,35350,+0.211,45.5,+4.8,hayir
NGC6946,Sc–Scd,1,4.77,1.95,38,2,1.458e-10,+6831,36760,+0.186,41.8,+4.3,hayir
NGC6946,Sc–Scd,1,5.15,2.11,38,2,1.403e-10,+7244,38220,+0.190,41.4,+4.3,hayir
NGC6946,Sc–Scd,1,5.52,2.26,38,2,1.384e-10,+8379,40063,+0.209,43.0,+4.8,hayir
NGC6946,Sc–Scd,1,5.89,2.41,38,2,1.301e-10,+8200,40600,+0.202,41.2,+4.6,hayir
NGC6946,Sc–Scd,1,6.17,2.53,38,2,1.206e-10,+8169,40210,+0.203,40.2,+4.7,hayir
NGC6946,Sc–Scd,1,6.55,2.68,38,2,1.129e-10,+8086,40486,+0.200,38.8,+4.6,hayir
NGC6946,Sc–Scd,1,6.92,2.84,38,2,1.078e-10,+8339,41100,+0.203,38.3,+4.7,hayir
UGC02885,Sc–Scd,1,3.41,0.30,64,4,4.827e-10,+1250,67299,+0.019,45.7,+1.1,hayir
UGC02885,Sc–Scd,1,6.82,0.60,64,4,2.184e-10,+6300,71836,+0.088,72.6,+4.9,hayir
UGC09037,Sc–Scd,2,2.43,0.57,65,5,1.259e-10,+6454,10323,+0.625,75.4,+31.3,evet
UGC11455,Sc–Scd,1,1.23,0.21,90,1,1.672e-10,+7983,12156,+0.657,138.7,+54.1,evet
UGC11455,Sc–Scd,1,1.83,0.31,90,1,1.729e-10,+12076,18492,+0.653,139.9,+53.9,evet
UGC11455,Sc–Scd,1,2.47,0.42,90,1,1.662e-10,+11209,23978,+0.467,116.0,+43.1,hayir
UGC11455,Sc–Scd,1,3.08,0.52,90,1,1.543e-10,+9646,28142,+0.343,96.4,+35.8,hayir
UGC11455,Sc–Scd,1,3.68,0.62,90,1,1.441e-10,+9318,31818,+0.293,86.6,+32.8,hayir
UGC11455,Sc–Scd,1,4.32,0.73,90,1,1.357e-10,+6315,35556,+0.178,65.8,+24.9,hayir
UGC11455,Sc–Scd,1,4.91,0.83,90,1,1.302e-10,+2141,39005,+0.055,36.0,+13.5,hayir
UGC11455,Sc–Scd,1,5.53,0.93,90,1,1.331e-10,+5099,43908,+0.116,52.3,+19.9,hayir
UGC11455,Sc–Scd,1,6.17,1.04,90,1,1.392e-10,+11693,49718,+0.235,75.0,+29.0,hayir
UGC11455,Sc–Scd,1,6.78,1.14,90,1,1.532e-10,+18774,57190,+0.328,90.6,+35.0,hayir
UGC11455,Sc–Scd,1,7.38,1.24,90,1,1.667e-10,+18254,64910,+0.281,85.6,+32.0,hayir
UGC11455,Sc–Scd,1,8.00,1.35,90,1,1.680e-10,+19409,70034,+0.277,84.8,+31.8,hayir
UGC11455,Sc–Scd,1,8.62,1.45,90,1,1.590e-10,+14690,72290,+0.203,71.1,+26.8,hayir
UGC11455,Sc–Scd,1,9.23,1.56,90,1,1.537e-10,+14066,75075,+0.187,67.2,+25.6,hayir
UGC11455,Sc–Scd,1,9.85,1.66,90,1,1.510e-10,+14037,78553,+0.179,65.0,+25.0,hayir
UGC11455,Sc–Scd,1,10.43,1.76,90,1,1.486e-10,+15639,81688,+0.191,66.7,+25.9,hayir
UGC11455,Sc–Scd,1,11.05,1.86,90,1,1.448e-10,+9869,84398,+0.117,51.5,+20.0,hayir
UGC11455,Sc–Scd,1,11.67,1.97,90,1,1.403e-10,+12626,86610,+0.146,56.6,+22.4,hayir
UGC11455,Sc–Scd,1,12.19,2.06,90,1,1.371e-10,+15571,88471,+0.176,61.5,+24.8,hayir
UGC11455,Sc–Scd,1,12.91,2.18,90,1,1.324e-10,+12804,90645,+0.141,54.2,+22.1,hayir
UGC11455,Sc–Scd,1,14.56,2.46,90,1,1.200e-10,+11485,93854,+0.122,48.4,+20.5,hayir
NGC7793,Sd,1,0.14,0.12,47,9,1.036e-10,+528,838,+0.630,47.8,+20.6,evet
