Galaksi,Sinif,n_nokta,M_bar_Msun,Sigma_yildiz,N_nukleon,l_omega_etkin_m,l_omega_mikro_m,l_omega_mikro_fm,galaksi_ici_sacilma_dex
UGC02885,Sc–Scd,16,3.3300e+11,3.0,2.8256e+68,5.7214e+20,3.2941e-14,32.9,0.025
NGC0801,Sc–Scd,6,2.4840e+11,2.0,2.5778e+68,1.1265e+21,7.2985e-14,73.0,0.036
UGC09133,Sa–Sab,35,2.2064e+11,0.1,2.1812e+68,6.0368e+20,4.1110e-14,41.1,0.032
NGC6195,Sb–Sbc,3,2.2053e+11,3.8,2.4956e+68,9.6624e+20,6.1211e-14,61.2,0.016
UGC11455,Sc–Scd,15,2.1017e+11,6.8,2.3617e+68,6.0647e+20,4.3904e-14,43.9,0.050
NGC2955,Sb–Sbc,7,2.1015e+11,6.4,2.2543e+68,8.4151e+20,5.5358e-14,55.4,0.062
ESO563-G021,Sb–Sbc,25,1.9451e+11,25.3,1.7409e+68,3.1016e+20,2.2478e-14,22.5,0.038
NGC5371,Sb–Sbc,5,1.7842e+11,0.0,2.1214e+68,1.0442e+21,7.1695e-14,71.7,0.220
UGC02953,Sa–Sab,50,1.4934e+11,0.4,1.6833e+68,3.5754e+20,2.7561e-14,27.6,0.139
UGC12506,Sc–Scd,30,1.4744e+11,5.0,9.4327e+67,2.3890e+20,2.4294e-14,24.3,0.133
NGC6674,Sb–Sbc,14,1.4016e+11,0.6,1.5036e+68,3.7845e+20,2.9538e-14,29.5,0.098
NGC2998,Sc–Scd,12,1.2881e+11,18.4,9.3448e+67,4.5101e+20,4.3799e-14,43.8,0.167
NGC2841,Sb–Sbc,49,1.2759e+11,15.2,7.2269e+67,1.2582e+20,1.4800e-14,14.8,0.145
UGC05253,Sa–Sab,17,1.2657e+11,2.7,1.2617e+68,3.8282e+20,3.5398e-14,35.4,0.049
UGC02916,Sa–Sab,13,1.1861e+11,5.1,1.0604e+68,5.0042e+20,5.2109e-14,52.1,0.068
UGC06614,Sa–Sab,6,1.1701e+11,0.0,8.4717e+67,3.5363e+20,3.8481e-14,38.5,0.033
NGC5907,Sc–Scd,18,1.1368e+11,2.0,1.0658e+68,3.8841e+20,3.6790e-14,36.8,0.095
IC4202,Sb–Sbc,25,1.1251e+11,24.4,1.0032e+68,3.7280e+20,3.6468e-14,36.5,0.040
NGC5985,Sb–Sbc,32,1.0815e+11,34.0,7.5216e+67,1.4444e+20,1.6649e-14,16.6,0.160
NGC7331,Sb–Sbc,16,1.0287e+11,1.3,1.2304e+68,4.2626e+20,3.8176e-14,38.2,0.066
NGC5055,Sb–Sbc,14,9.4601e+10,0.0,1.0320e+68,5.3848e+20,5.3607e-14,53.6,0.022
NGC3992,Sb–Sbc,8,8.7716e+10,1.9,9.7012e+67,2.4931e+20,2.5098e-14,25.1,0.074
NGC5033,Sc–Scd,17,8.1712e+10,0.6,9.6979e+67,3.2760e+20,3.5607e-14,35.6,0.041
UGC03205,Sa–Sab,43,7.9493e+10,53.3,5.8675e+67,2.7877e+20,3.3297e-14,33.3,0.071
NGC0289,Sb–Sbc,21,7.5148e+10,0.1,8.6593e+67,3.9512e+20,4.5020e-14,45.0,0.067
NGC0891,Sb–Sbc,5,7.1762e+10,2.5,8.5215e+67,4.6100e+20,5.0006e-14,50.0,0.013
UGC11914,Sa–Sab,6,7.1016e+10,75.3,7.5840e+67,2.4114e+20,2.7699e-14,27.7,0.078
UGC06787,Sa–Sab,36,6.7508e+10,5.7,6.6398e+67,1.8663e+20,2.3185e-14,23.2,0.094
NGC4157,Sb–Sbc,9,6.0286e+10,0.1,7.1588e+67,3.9668e+20,4.6265e-14,46.3,0.068
NGC1090,Sb–Sbc,20,5.6903e+10,2.3,5.1705e+67,3.6369e+20,4.9583e-14,49.6,0.045
NGC4217,Sb–Sbc,5,5.5965e+10,0.4,6.5063e+67,5.3094e+20,6.5823e-14,65.8,0.027
UGC09037,Sc–Scd,11,5.4372e+10,1.7,5.3286e+67,4.5150e+20,6.1474e-14,61.5,0.051
NGC3953,Sb–Sbc,4,5.4241e+10,75.9,4.2488e+67,2.2326e+20,3.3608e-14,33.6,0.118
NGC3521,Sb–Sbc,5,4.6088e+10,3.1,5.3152e+67,2.2883e+20,3.1917e-14,31.9,0.038
NGC2903,Sb–Sbc,18,4.4472e+10,0.3,5.1432e+67,2.5709e+20,3.5640e-14,35.6,0.027
NGC7814,Sa–Sab,12,4.4264e+10,1.6,5.0631e+67,1.9171e+20,2.6949e-14,26.9,0.037
UGC03546,Sa–Sab,11,4.3565e+10,1.4,5.1733e+67,2.4963e+20,3.5676e-14,35.7,0.035
NGC3198,Sc–Scd,38,4.2429e+10,14.6,1.8996e+67,1.5550e+20,4.1523e-14,41.5,0.070
NGC3726,Sc–Scd,5,3.8560e+10,0.1,4.5788e+67,2.5125e+20,3.7094e-14,37.1,0.096
NGC6946,Sc–Scd,28,3.8360e+10,1.4,4.4734e+67,3.3413e+20,5.0607e-14,50.6,0.024
NGC3877,Sc–Scd,4,3.5093e+10,151.7,1.1144e+67,1.0248e+20,3.4108e-14,34.1,0.042
UGC08699,Sa–Sab,27,3.4506e+10,23.5,3.0563e+67,1.8223e+20,3.1960e-14,32.0,0.041
NGC3893,Sc–Scd,7,3.2229e+10,2.7,3.4000e+67,1.8821e+20,3.2057e-14,32.1,0.031
NGC2683,Sb–Sbc,9,3.1273e+10,0.1,3.7175e+67,2.2717e+20,3.6914e-14,36.9,0.075
ESO079-G014,Sb–Sbc,12,2.9099e+10,41.5,1.3061e+67,1.1437e+20,2.9362e-14,29.4,0.137
NGC4100,Sb–Sbc,23,2.8993e+10,3.3,3.0289e+67,1.5587e+20,3.0054e-14,30.1,0.086
NGC6015,Sc–Scd,43,2.6021e+10,3.0,2.4522e+67,1.6662e+20,3.2112e-14,32.1,0.074
NGC4559,Sc–Scd,23,2.2447e+10,0.4,1.7680e+67,2.0698e+20,5.4720e-14,54.7,0.048
UGC00128,Sdm–Sm,21,2.1157e+10,0.2,2.2956e+67,1.8115e+20,3.6035e-14,36.0,0.102
NGC4013,Sb–Sbc,28,1.7815e+10,0.0,1.9777e+67,1.0999e+20,2.4912e-14,24.9,0.084
NGC3769,Sb–Sbc,9,1.5469e+10,0.3,1.2470e+67,1.4202e+20,4.0627e-14,40.6,0.026
UGC03580,Sa–Sab,17,1.4988e+10,0.8,1.2846e+67,1.5317e+20,4.6220e-14,46.2,0.090
NGC3917,Sc–Scd,16,1.4105e+10,15.8,1.0885e+67,1.0281e+20,3.2958e-14,33.0,0.090
NGC1003,Sc–Scd,34,1.2758e+10,0.0,8.0369e+66,9.2080e+19,3.6215e-14,36.2,0.084
NGC2403,Sc–Scd,72,1.2706e+10,25.1,4.9674e+66,8.9115e+19,3.3056e-14,33.1,0.101
UGC05005,Im,10,1.2466e+10,1.8,3.2779e+66,8.5509e+19,5.1534e-14,51.5,0.137
NGC4183,Sc–Scd,22,1.1366e+10,1.6,1.0586e+67,1.4142e+20,4.0414e-14,40.4,0.078
NGC4010,Sd,8,1.0378e+10,13.0,9.6751e+66,1.2979e+20,4.0096e-14,40.1,0.098
F568-3,Sd,17,1.0199e+10,9.8,1.6781e+66,4.1200e+19,3.3587e-14,33.6,0.213
UGC06930,Sd,9,1.0106e+10,3.0,7.6013e+66,1.0613e+20,3.8493e-14,38.5,0.106
NGC6503,Sc–Scd,27,9.3935e+09,0.1,1.0049e+67,1.0368e+20,3.3762e-14,33.8,0.019
UGC05750,Sdm–Sm,9,9.0000e+09,4.3,1.4992e+66,6.3751e+19,5.2882e-14,52.9,0.145
NGC3972,Sb–Sbc,9,8.1598e+09,34.4,5.9044e+66,8.1623e+19,2.9921e-14,29.9,0.031
UGC06983,Sc–Scd,16,7.8195e+09,1.6,4.5511e+66,5.3544e+19,2.5103e-14,25.1,0.130
UGC12732,Sdm–Sm,15,7.5309e+09,0.4,2.1648e+66,4.4628e+19,3.0332e-14,30.3,0.108
F568-V1,Sd,14,7.2927e+09,4.4,1.7627e+66,1.7160e+19,1.5782e-14,15.8,0.123
NGC0247,Sd,25,6.8070e+09,5.2,4.0421e+66,7.3975e+19,3.6943e-14,36.9,0.061
F583-1,Sdm–Sm,23,6.4164e+09,2.7,3.1258e+65,1.3405e+19,2.4529e-14,24.5,0.252
UGC07125,Sdm–Sm,12,6.4118e+09,0.7,3.6858e+66,1.5908e+20,9.1804e-14,91.8,0.102
F571-8,Sc–Scd,7,6.0453e+09,2.7,6.2339e+66,5.6363e+19,2.2575e-14,22.6,0.139
UGC06917,Sdm–Sm,10,5.9800e+09,6.8,3.2654e+66,4.8588e+19,2.6848e-14,26.8,0.057
UGC11820,Sdm–Sm,9,5.5906e+09,1.0,1.4364e+66,5.5178e+19,5.0203e-14,50.2,0.141
NGC0055,Sdm–Sm,18,5.5590e+09,3.2,5.2412e+66,1.2437e+20,5.7089e-14,57.1,0.068
F574-1,Sd,13,5.4849e+09,5.3,2.4757e+66,3.8610e+19,2.7165e-14,27.2,0.103
NGC7793,Sd,35,5.2396e+09,45.9,2.9796e+66,6.9054e+19,4.3417e-14,43.4,0.089
ESO116-G012,Sd,14,4.8271e+09,8.4,2.9399e+66,4.4501e+19,2.6881e-14,26.9,0.138
NGC5585,Sd,16,4.1758e+09,1.2,2.7141e+66,5.7867e+19,3.7871e-14,37.9,0.135
UGC07524,Sdm–Sm,30,4.1406e+09,3.3,1.4276e+66,3.9838e+19,3.7547e-14,37.5,0.070
UGC05986,Sdm–Sm,14,3.9337e+09,4.8,3.4285e+66,3.7187e+19,2.1107e-14,21.1,0.083
NGC0024,Sc–Scd,28,3.7884e+09,52.8,1.0396e+66,1.8011e+19,1.7281e-14,17.3,0.104
UGC00191,Sdm–Sm,8,3.7461e+09,17.9,3.8079e+65,1.2512e+19,3.0584e-14,30.6,0.129
F571-V1,Sd,7,3.4367e+09,1.0,2.1939e+66,5.1741e+19,3.5327e-14,35.3,0.039
UGC00731,Im,11,3.3945e+09,0.3,1.1029e+66,3.1027e+19,2.9544e-14,29.5,0.216
UGC07089,Sdm–Sm,12,3.1244e+09,4.8,2.1132e+66,8.9824e+19,5.8405e-14,58.4,0.141
UGC12632,Sdm–Sm,14,3.0644e+09,1.7,1.0683e+66,3.2384e+19,3.3461e-14,33.5,0.105
UGC06446,Sd,16,3.0563e+09,0.7,1.4225e+66,2.9129e+19,2.4362e-14,24.4,0.141
UGC04278,Sd,24,2.9696e+09,4.9,5.0136e+65,2.2438e+19,3.3093e-14,33.1,0.186
DDO161,Im,25,2.6591e+09,0.1,2.3627e+66,1.0507e+20,6.9168e-14,69.2,0.127
UGC04499,Sdm–Sm,8,2.6496e+09,2.2,1.6343e+66,5.4314e+19,4.2575e-14,42.6,0.047
NGC0100,Sc–Scd,19,2.6087e+09,3.7,1.9203e+66,4.7310e+19,3.3817e-14,33.8,0.167
NGC0300,Sd,24,2.6060e+09,1.8,2.2876e+66,4.1080e+19,2.6934e-14,26.9,0.054
UGC10310,Sdm–Sm,7,2.5044e+09,3.7,1.1120e+66,3.3715e+19,3.1971e-14,32.0,0.263
UGC05716,Sdm–Sm,12,2.4700e+09,0.1,1.3217e+66,3.5619e+19,3.0985e-14,31.0,0.237
UGC06399,Sdm–Sm,8,2.2819e+09,4.8,1.4259e+66,3.1015e+19,2.8032e-14,28.0,0.035
IC2574,Sdm–Sm,33,2.2396e+09,2.0,7.0298e+65,5.5067e+19,6.1671e-14,61.7,0.137
UGC06923,Im,4,2.2371e+09,6.1,1.9578e+66,5.4584e+19,3.9415e-14,39.4,0.025
UGC05829,Im,10,2.1739e+09,1.6,6.2445e+65,3.6362e+19,4.6101e-14,46.1,0.111
UGC07261,Sdm–Sm,7,2.1010e+09,3.7,9.7858e+65,3.1589e+19,3.1386e-14,31.4,0.325
UGC04325,Sdm–Sm,7,2.0596e+09,8.7,1.4180e+66,2.5222e+19,2.1181e-14,21.2,0.118
UGC07151,Sc–Scd,10,2.0408e+09,7.8,1.1791e+66,4.2400e+19,4.0796e-14,40.8,0.073
UGC02259,Sdm–Sm,8,2.0177e+09,3.2,1.2547e+66,2.4655e+19,2.1970e-14,22.0,0.310
DDO170,Im,8,1.9944e+09,0.3,1.5353e+66,7.0543e+19,5.4735e-14,54.7,0.068
UGC08286,Sc–Scd,16,1.8998e+09,1.6,1.2258e+66,2.6016e+19,2.3014e-14,23.0,0.082
F565-V2,Im,7,1.7591e+09,0.8,6.6919e+65,1.7848e+19,2.6135e-14,26.1,0.061
NGC2976,Sc–Scd,15,1.6748e+09,114.4,7.8772e+65,4.8979e+19,5.6328e-14,56.3,0.129
UGC08490,Sdm–Sm,29,1.6647e+09,0.1,1.3551e+66,2.9354e+19,2.4937e-14,24.9,0.057
UGC06667,Sc–Scd,8,1.5271e+09,2.2,8.2966e+65,1.6340e+19,1.7875e-14,17.9,0.101
UGC07399,Sdm–Sm,9,1.4319e+09,2.7,9.4237e+65,1.3194e+19,1.3592e-14,13.6,0.037
UGC06818,Sdm–Sm,5,1.4096e+09,1.6,1.2018e+66,4.1623e+19,3.5255e-14,35.3,0.134
F583-4,Sc–Scd,11,1.3030e+09,3.2,1.0449e+66,4.1796e+19,4.2013e-14,42.0,0.067
UGC05721,Sd,22,1.2236e+09,1.0,5.6191e+65,1.1808e+19,1.9265e-14,19.3,0.105
UGC05414,Im,5,9.4015e+08,6.0,6.5257e+65,4.2493e+19,5.2602e-14,52.6,0.070
UGC07690,Im,7,8.1740e+08,3.3,6.0210e+65,3.0495e+19,3.9301e-14,39.3,0.298
UGC08837,Im,7,7.4380e+08,4.4,3.9343e+65,5.3106e+19,1.1081e-13,110.8,0.202
UGC08550,Sd,11,7.3627e+08,0.2,2.7173e+65,1.4300e+19,2.6629e-14,26.6,0.153
NGC3109,Sdm–Sm,24,6.5850e+08,0.8,3.3095e+65,1.5950e+19,2.7707e-14,27.7,0.152
UGC01281,Sdm–Sm,24,6.4181e+08,3.3,1.5963e+65,1.4941e+19,3.7526e-14,37.5,0.217
DDO168,Im,7,5.8424e+08,1.0,5.0833e+65,2.9096e+19,3.7660e-14,37.7,0.100
D631-7,Im,12,5.4311e+08,0.0,6.0837e+65,2.8965e+19,3.7161e-14,37.2,0.179
UGCA442,Sdm–Sm,8,4.8313e+08,0.4,5.2231e+65,2.4279e+19,3.5820e-14,35.8,0.089
UGC07603,Sd,12,4.5603e+08,1.7,3.7768e+65,1.4044e+19,2.3302e-14,23.3,0.084
DDO064,Im,13,4.1808e+08,4.0,1.3583e+65,1.1799e+19,4.1733e-14,41.7,0.106
UGC05764,Im,10,3.6416e+08,0.9,1.9846e+65,9.2548e+18,2.0789e-14,20.8,0.199
UGC05918,Im,8,3.5901e+08,1.8,1.5483e+65,1.4056e+19,3.5728e-14,35.7,0.122
DDO154,Im,12,3.5862e+08,0.0,2.8115e+65,2.0143e+19,3.8906e-14,38.9,0.068
NGC4068,Im,4,3.2328e+08,4.2,2.1668e+65,4.0294e+19,8.6102e-14,86.1,0.134
NGC3741,Im,21,3.0045e+08,0.0,9.3329e+64,9.1119e+18,2.8517e-14,28.5,0.090
KK98-251,Im,14,2.5993e+08,1.8,1.0004e+65,3.3283e+19,1.2192e-13,121.9,0.139
ESO444-G084,Im,7,2.5403e+08,0.5,2.2163e+65,9.1459e+18,2.1157e-14,21.2,0.069
UGC07559,Im,6,2.0922e+08,1.7,1.0058e+65,2.3779e+19,8.0635e-14,80.6,0.133
UGC07866,Im,7,1.6408e+08,2.9,7.2090e+64,1.8124e+19,6.5226e-14,65.2,0.091
UGC04483,Im,7,4.9830e+07,0.6,3.0272e+64,1.2172e+19,6.1652e-14,61.7,0.115
D564-8,Im,6,4.9437e+07,0.4,3.4746e+64,1.0940e+19,5.9081e-14,59.1,0.128
