Galaksi,Tip_T,Tip_ad,Sinif,N_nokta,Q,Inc_deg,D_Mpc,Vflat_kms
NGC7814,2,Sab,01_erken_spiral,18,1,90.0,14.40,218.9
UGC02916,2,Sab,01_erken_spiral,43,2,50.0,65.40,182.7
UGC02953,2,Sab,01_erken_spiral,115,2,50.0,16.50,264.9
UGC03205,2,Sab,01_erken_spiral,48,1,67.0,50.00,219.6
UGC03546,1,Sa,01_erken_spiral,30,1,55.0,28.70,196.9
UGC03580,1,Sa,01_erken_spiral,47,2,63.0,20.70,126.2
UGC05253,2,Sab,01_erken_spiral,73,2,37.0,22.90,213.7
UGC06614,1,Sa,01_erken_spiral,13,1,36.0,88.70,199.8
UGC06787,2,Sab,01_erken_spiral,71,2,66.0,21.30,248.1
UGC08699,2,Sab,01_erken_spiral,41,2,73.0,39.30,182.4
UGC09133,2,Sab,01_erken_spiral,68,1,53.0,57.10,226.8
UGC11914,2,Sab,01_erken_spiral,65,1,31.0,16.90,288.1
ESO079-G014,4,Sbc,02_orta_spiral,15,1,79.0,28.70,175.0
ESO563-G021,4,Sbc,02_orta_spiral,30,1,83.0,60.80,314.6
IC4202,4,Sbc,02_orta_spiral,32,1,90.0,100.40,242.6
NGC0289,4,Sbc,02_orta_spiral,28,2,46.0,20.80,163.0
NGC0891,3,Sb,02_orta_spiral,18,1,90.0,9.91,216.1
NGC1090,4,Sbc,02_orta_spiral,24,1,64.0,37.00,164.4
NGC2683,3,Sb,02_orta_spiral,11,2,80.0,9.81,154.0
NGC2841,3,Sb,02_orta_spiral,50,1,76.0,14.10,284.8
NGC2903,4,Sbc,02_orta_spiral,34,1,66.0,6.60,184.6
NGC2955,3,Sb,02_orta_spiral,24,1,56.0,97.90,0.0
NGC3521,4,Sbc,02_orta_spiral,41,1,75.0,7.70,213.7
NGC3769,3,Sb,02_orta_spiral,12,2,70.0,18.00,118.6
NGC3949,4,Sbc,02_orta_spiral,7,2,55.0,18.00,163.0
NGC3953,4,Sbc,02_orta_spiral,8,1,62.0,18.00,220.8
NGC3972,4,Sbc,02_orta_spiral,10,1,77.0,18.00,132.7
NGC3992,4,Sbc,02_orta_spiral,9,1,56.0,23.70,241.0
NGC4013,3,Sb,02_orta_spiral,36,2,89.0,18.00,172.9
NGC4051,4,Sbc,02_orta_spiral,7,2,49.0,18.00,157.0
NGC4088,4,Sbc,02_orta_spiral,12,1,69.0,18.00,171.7
NGC4100,4,Sbc,02_orta_spiral,24,1,73.0,18.00,158.2
NGC4157,3,Sb,02_orta_spiral,17,1,82.0,18.00,184.7
NGC4217,3,Sb,02_orta_spiral,19,1,86.0,18.00,181.3
NGC5005,4,Sbc,02_orta_spiral,18,1,68.0,16.90,262.2
NGC5055,4,Sbc,02_orta_spiral,28,1,55.0,9.90,179.0
NGC5371,4,Sbc,02_orta_spiral,19,1,53.0,39.70,209.5
NGC5985,3,Sb,02_orta_spiral,33,1,60.0,39.70,293.6
NGC6195,3,Sb,02_orta_spiral,23,1,62.0,127.80,251.7
NGC6674,3,Sb,02_orta_spiral,15,1,54.0,51.20,241.3
NGC7331,3,Sb,02_orta_spiral,36,1,75.0,14.70,239.0
F571-8,5,Sc,03_gec_spiral,13,1,85.0,53.30,139.7
F583-4,5,Sc,03_gec_spiral,12,1,55.0,53.30,0.0
NGC0024,5,Sc,03_gec_spiral,29,1,64.0,7.30,106.3
NGC0100,6,Scd,03_gec_spiral,21,1,89.0,13.50,88.1
NGC0801,5,Sc,03_gec_spiral,13,1,80.0,80.70,220.1
NGC1003,6,Scd,03_gec_spiral,36,1,67.0,11.40,109.8
NGC2403,6,Scd,03_gec_spiral,73,1,63.0,3.16,131.2
NGC2976,5,Sc,03_gec_spiral,27,2,61.0,3.58,85.4
NGC2998,5,Sc,03_gec_spiral,13,1,58.0,68.10,209.9
NGC3198,5,Sc,03_gec_spiral,43,1,73.0,13.80,150.1
NGC3726,5,Sc,03_gec_spiral,12,2,53.0,18.00,168.0
NGC3877,5,Sc,03_gec_spiral,13,2,76.0,18.00,168.4
NGC3893,5,Sc,03_gec_spiral,10,1,49.0,18.00,174.0
NGC3917,6,Scd,03_gec_spiral,17,1,79.0,18.00,135.9
NGC4085,5,Sc,03_gec_spiral,7,2,82.0,18.00,131.5
NGC4183,6,Scd,03_gec_spiral,23,1,82.0,18.00,110.6
NGC4559,6,Scd,03_gec_spiral,32,1,67.0,9.00,121.2
NGC5033,5,Sc,03_gec_spiral,22,1,66.0,15.70,194.2
NGC5907,5,Sc,03_gec_spiral,19,1,88.0,17.30,215.0
NGC6015,6,Scd,03_gec_spiral,44,2,60.0,17.00,154.1
NGC6503,6,Scd,03_gec_spiral,31,1,74.0,6.26,116.3
NGC6946,6,Scd,03_gec_spiral,58,1,38.0,5.52,158.9
UGC02885,5,Sc,03_gec_spiral,19,1,64.0,80.60,289.5
UGC06667,6,Scd,03_gec_spiral,9,1,89.0,18.00,83.8
UGC06983,6,Scd,03_gec_spiral,17,1,49.0,18.00,109.0
UGC07151,6,Scd,03_gec_spiral,11,1,90.0,6.87,73.5
UGC08286,6,Scd,03_gec_spiral,17,1,90.0,6.50,82.4
UGC09037,6,Scd,03_gec_spiral,22,2,65.0,83.60,152.3
UGC11455,6,Scd,03_gec_spiral,36,1,90.0,78.60,269.4
UGC12506,6,Scd,03_gec_spiral,31,2,86.0,100.60,234.0
ESO116-G012,7,Sd,04_cok_gec_spiral,15,1,74.0,13.00,109.1
F568-3,7,Sd,04_cok_gec_spiral,18,1,40.0,82.40,0.0
F568-V1,7,Sd,04_cok_gec_spiral,15,1,40.0,80.60,112.3
F571-V1,7,Sd,04_cok_gec_spiral,7,2,30.0,80.10,83.6
F574-1,7,Sd,04_cok_gec_spiral,14,1,65.0,96.80,97.8
NGC0247,7,Sd,04_cok_gec_spiral,26,2,74.0,3.70,104.9
NGC0300,7,Sd,04_cok_gec_spiral,25,2,42.0,2.08,93.3
NGC4010,7,Sd,04_cok_gec_spiral,12,2,89.0,18.00,125.8
NGC5585,7,Sd,04_cok_gec_spiral,24,1,51.0,7.06,90.3
NGC7793,7,Sd,04_cok_gec_spiral,46,1,47.0,3.61,0.0
UGC04278,7,Sd,04_cok_gec_spiral,25,1,90.0,9.51,91.4
UGC05721,7,Sd,04_cok_gec_spiral,23,1,61.0,6.18,79.7
UGC06446,7,Sd,04_cok_gec_spiral,17,1,51.0,12.00,82.2
UGC06930,7,Sd,04_cok_gec_spiral,10,1,32.0,18.00,107.2
UGC07603,7,Sd,04_cok_gec_spiral,12,1,78.0,4.70,61.6
UGC08550,7,Sd,04_cok_gec_spiral,11,1,90.0,6.70,56.9
F583-1,9,Sm,05_macellan,25,1,63.0,35.40,85.8
IC2574,9,Sm,05_macellan,34,2,75.0,3.91,66.4
NGC0055,9,Sm,05_macellan,21,2,77.0,2.11,85.6
NGC3109,9,Sm,05_macellan,25,1,70.0,1.33,66.2
UGC00128,8,Sdm,05_macellan,22,1,57.0,64.50,129.3
UGC00191,9,Sm,05_macellan,9,1,45.0,17.10,0.0
UGC01281,8,Sdm,05_macellan,25,1,90.0,5.27,55.2
UGC02259,8,Sdm,05_macellan,8,2,41.0,10.50,86.2
UGC04325,9,Sm,05_macellan,8,1,41.0,9.60,90.9
UGC04499,8,Sdm,05_macellan,9,1,50.0,12.50,72.8
UGC05716,9,Sm,05_macellan,12,2,54.0,21.30,73.1
UGC05750,8,Sdm,05_macellan,11,1,64.0,58.70,0.0
UGC05986,9,Sm,05_macellan,15,2,90.0,8.63,113.0
UGC06399,9,Sm,05_macellan,9,1,75.0,18.00,85.0
UGC06818,9,Sm,05_macellan,8,2,75.0,18.00,71.2
UGC06917,9,Sm,05_macellan,11,1,56.0,18.00,108.7
UGC07089,8,Sdm,05_macellan,12,2,80.0,18.00,0.0
UGC07125,9,Sm,05_macellan,13,1,90.0,19.80,65.2
UGC07261,8,Sdm,05_macellan,7,2,30.0,13.10,74.7
UGC07399,8,Sdm,05_macellan,10,1,55.0,8.43,103.0
UGC07524,9,Sm,05_macellan,31,1,46.0,4.74,79.5
UGC08490,9,Sm,05_macellan,30,1,50.0,4.65,78.6
UGC10310,9,Sm,05_macellan,7,1,34.0,15.20,71.4
UGC11557,8,Sdm,05_macellan,12,2,30.0,24.20,0.0
UGC11820,9,Sm,05_macellan,10,1,45.0,18.10,0.0
UGC12632,9,Sm,05_macellan,15,1,46.0,9.77,71.7
UGC12732,9,Sm,05_macellan,16,1,39.0,13.20,0.0
UGCA442,9,Sm,05_macellan,8,1,64.0,4.35,56.4
CamB,10,Im,06_duzensiz,9,2,65.0,3.36,0.0
D564-8,10,Im,06_duzensiz,6,2,63.0,8.79,0.0
D631-7,10,Im,06_duzensiz,16,1,59.0,7.72,57.7
DDO064,10,Im,06_duzensiz,14,1,60.0,6.80,46.1
DDO154,10,Im,06_duzensiz,12,2,64.0,4.04,47.0
DDO161,10,Im,06_duzensiz,31,1,70.0,7.50,66.3
DDO168,10,Im,06_duzensiz,10,2,63.0,4.25,53.4
DDO170,10,Im,06_duzensiz,8,2,66.0,15.40,60.0
ESO444-G084,10,Im,06_duzensiz,7,2,32.0,4.83,0.0
F565-V2,10,Im,06_duzensiz,7,2,60.0,51.80,0.0
KK98-251,10,Im,06_duzensiz,15,2,59.0,6.80,33.7
NGC3741,10,Im,06_duzensiz,21,1,70.0,3.21,50.1
NGC4068,10,Im,06_duzensiz,6,2,44.0,4.37,0.0
UGC00731,10,Im,06_duzensiz,12,1,57.0,12.50,73.3
UGC04483,10,Im,06_duzensiz,8,2,58.0,3.34,0.0
UGC05005,10,Im,06_duzensiz,11,1,41.0,53.70,98.9
UGC05414,10,Im,06_duzensiz,6,1,55.0,9.40,0.0
UGC05764,10,Im,06_duzensiz,10,2,60.0,7.47,0.0
UGC05829,10,Im,06_duzensiz,11,2,34.0,8.64,0.0
UGC05918,10,Im,06_duzensiz,8,2,46.0,7.66,0.0
UGC06923,10,Im,06_duzensiz,6,2,65.0,18.00,79.6
UGC07559,10,Im,06_duzensiz,7,2,61.0,4.97,0.0
UGC07577,10,Im,06_duzensiz,9,2,63.0,2.59,0.0
UGC07690,10,Im,06_duzensiz,7,2,41.0,8.11,57.4
UGC07866,10,Im,06_duzensiz,7,2,44.0,4.57,0.0
UGC08837,10,Im,06_duzensiz,8,2,80.0,7.21,0.0
D512-2,10,Im,99_KARMASIK,4,2,56.0,15.2,0.0
F561-1,9,Sm,99_KARMASIK,6,3,24.0,66.4,50.0
F563-1,9,Sm,99_KARMASIK,17,1,25.0,48.9,109.9
F563-V1,10,Im,99_KARMASIK,6,3,60.0,54.0,0.0
F563-V2,10,Im,99_KARMASIK,10,1,29.0,59.7,116.6
F567-2,9,Sm,99_KARMASIK,5,3,20.0,79.0,0.0
F568-1,5,Sc,99_KARMASIK,12,1,26.0,90.7,0.0
F574-2,9,Sm,99_KARMASIK,5,3,30.0,89.1,0.0
F579-V1,5,Sc,99_KARMASIK,14,1,26.0,89.5,112.1
NGC1705,11,BCD,99_KARMASIK,14,3,80.0,5.73,71.9
NGC2366,10,Im,99_KARMASIK,26,3,68.0,3.27,50.2
NGC2915,11,BCD,99_KARMASIK,30,2,56.0,4.06,83.5
NGC4138,0,S0,99_KARMASIK,7,2,53.0,18.0,147.3
NGC4214,10,Im,99_KARMASIK,14,2,15.0,2.87,80.1
NGC4389,4,Sbc,99_KARMASIK,6,3,50.0,18.0,0.0
NGC6789,11,BCD,99_KARMASIK,4,2,43.0,3.52,0.0
PGC51017,11,BCD,99_KARMASIK,6,3,66.0,13.6,18.6
UGC00634,9,Sm,99_KARMASIK,4,2,37.0,30.9,0.0
UGC00891,9,Sm,99_KARMASIK,5,2,60.0,10.2,0.0
UGC01230,9,Sm,99_KARMASIK,11,1,22.0,53.7,103.7
UGC02023,10,Im,99_KARMASIK,5,2,19.0,10.4,0.0
UGC02455,10,Im,99_KARMASIK,8,3,51.0,6.92,0.0
UGC02487,0,S0,99_KARMASIK,17,1,36.0,69.1,332.0
UGC04305,10,Im,99_KARMASIK,22,3,40.0,3.45,34.5
UGC05999,10,Im,99_KARMASIK,5,2,22.0,47.7,0.0
UGC06628,9,Sm,99_KARMASIK,7,2,20.0,15.1,41.8
UGC06786,0,S0,99_KARMASIK,45,1,64.0,29.3,219.4
UGC06973,2,Sab,99_KARMASIK,9,3,71.0,18.0,174.2
UGC07232,10,Im,99_KARMASIK,4,2,59.0,2.83,0.0
UGC07608,10,Im,99_KARMASIK,8,1,25.0,8.21,0.0
UGC09992,10,Im,99_KARMASIK,5,2,30.0,10.7,33.6
UGCA281,11,BCD,99_KARMASIK,7,3,67.0,5.68,0.0
