galaxy	Q	x03	et	et_lo	et_hi	D
CamB	C	-11.629	0.459	-0.055	0.030	3.12
D512-2	P	-11.421	0.106	-0.081	0.117	15.94
D564-8	P	-11.987	0.064	-0.025	0.026	8.75
D631-7	P	-11.656	-0.089	-0.019	0.017	7.48
DDO064	P	-11.113	0.053	-0.079	0.110	6.83
DDO154	P	-11.686	0.008	-0.008	0.008	3.86
DDO161	P	-11.549	-0.045	-0.010	0.010	3.36
DDO168	P	-11.057	-0.212	-0.065	0.053	4.05
DDO170	P	-11.545	0.037	-0.017	0.020	11.81
ESO079-G014	P	-10.556	-0.031	-0.058	0.057	28.02
ESO116-G012	P	-10.999	-0.066	-0.044	0.043	13.40
ESO444-G084	P	-11.107	-0.095	-0.035	0.030	4.68
ESO563-G021	P	-10.569	-0.032	-0.035	0.033	66.25
F563-1	P	-11.698	0.112	-0.052	0.066	53.07
F563-V2	A	-11.145	0.179	-0.124	0.152	63.34
F565-V2	P	-11.433	-0.016	-0.050	0.047	51.95
F568-1	P	-11.014	-0.033	-0.100	0.100	89.63
F568-3	P	-11.365	0.238	-0.081	0.104	84.40
F568-V1	P	-11.227	0.098	-0.055	0.066	85.42
F571-8	A	-11.087	-0.423	-0.047	0.052	28.31
F571-V1	P	-11.480	0.206	-0.108	0.134	80.24
F574-1	P	-11.170	0.079	-0.042	0.048	100.40
F579-V1	C	-11.130	0.425	-0.089	0.054	87.49
F583-1	P	-11.392	0.032	-0.051	0.055	35.78
F583-4	P	-11.393	0.081	-0.062	0.079	52.51
IC2574	P	-11.599	0.072	-0.014	0.016	4.01
IC4202	P	-10.370	0.169	-0.048	0.053	99.01
KK98-251	P	-11.418	0.269	-0.099	0.125	7.38
NGC0024	P	-10.977	-0.004	-0.016	0.017	7.47
NGC0055	P	-11.385	0.050	-0.019	0.021	1.94
NGC0100	P	-11.304	-0.106	-0.044	0.039	9.64
NGC0247	P	-11.096	0.182	-0.046	0.056	3.76
NGC0289	P	-11.673	0.118	-0.026	0.031	19.90
NGC0300	P	-11.496	-0.009	-0.026	0.026	2.03
NGC0801	P	-10.840	0.174	-0.023	0.024	68.41
NGC0891	P	-10.407	-0.118	-0.022	0.022	9.83
NGC1003	P	-11.640	-0.056	-0.009	0.008	6.53
NGC1090	P	-11.006	0.059	-0.023	0.024	31.86
NGC2403	P	-11.512	-0.019	-0.005	0.005	3.59
NGC2683	P	-11.126	0.086	-0.025	0.028	9.88
NGC2841	P	-11.008	-0.028	-0.013	0.013	14.02
NGC2903	P	-11.325	0.040	-0.008	0.008	12.46
NGC2915	P	-11.655	-0.053	-0.014	0.013	4.12
NGC2955	P	-10.505	0.030	-0.050	0.051	90.28
NGC2976	B	-10.253	0.380	-0.112	0.083	3.62
NGC2998	P	-10.813	0.103	-0.027	0.029	69.88
NGC3109	P	-11.535	0.012	-0.010	0.010	1.40
NGC3198	P	-11.532	0.055	-0.011	0.012	15.27
NGC3521	P	-10.304	-0.116	-0.067	0.061	6.59
NGC3726	P	-11.048	-0.002	-0.031	0.031	14.33
NGC3741	P	-11.943	-0.016	-0.009	0.009	3.10
NGC3769	P	-11.675	0.021	-0.018	0.019	17.35
NGC3877	A	-10.200	0.238	-0.155	0.157	17.45
NGC3893	P	-10.658	-0.032	-0.049	0.048	18.28
NGC3917	P	-10.822	0.111	-0.050	0.057	19.37
NGC3949	P	-10.017	-0.024	-0.180	0.216	16.90
NGC3953	B	-10.070	0.390	-0.115	0.077	18.83
NGC3972	P	-10.550	-0.096	-0.071	0.075	17.03
NGC3992	P	-10.731	0.095	-0.028	0.030	24.45
NGC4010	P	-10.715	-0.057	-0.050	0.051	16.26
NGC4013	P	-11.065	-0.047	-0.016	0.015	14.38
NGC4051	B	-10.205	0.335	-0.150	0.114	17.29
NGC4068	A	-11.195	0.321	-0.109	0.108	4.37
NGC4085	P	-10.175	-0.170	-0.106	0.114	15.12
NGC4088	P	-10.621	0.041	-0.047	0.049	14.82
NGC4100	P	-10.925	0.087	-0.025	0.026	19.53
NGC4138	P	-10.717	0.111	-0.073	0.087	18.72
NGC4157	P	-10.880	-0.017	-0.031	0.031	15.20
NGC4183	P	-11.314	0.108	-0.030	0.034	18.19
NGC4214	P	-11.329	-0.036	-0.036	0.034	2.82
NGC4217	P	-10.604	-0.148	-0.046	0.044	15.46
NGC4559	P	-11.130	0.028	-0.036	0.038	7.42
NGC5005	P	-9.819	-0.121	-0.191	0.243	16.16
NGC5033	P	-11.306	0.098	-0.011	0.012	23.48
NGC5055	P	-11.416	0.053	-0.004	0.004	9.82
NGC5371	P	-10.367	0.249	-0.043	0.042	16.44
NGC5585	P	-11.208	-0.083	-0.033	0.032	5.00
NGC5907	P	-10.991	0.090	-0.013	0.013	16.08
NGC5985	P	-10.685	0.174	-0.030	0.032	72.59
NGC6015	P	-10.872	-0.093	-0.026	0.024	8.05
NGC6195	P	-10.479	-0.012	-0.036	0.036	110.16
NGC6503	P	-11.601	0.008	-0.006	0.006	6.79
NGC6674	P	-10.969	-0.016	-0.023	0.020	37.38
NGC6789	A	-10.592	-0.268	-0.127	0.124	3.52
NGC6946	P	-10.854	0.045	-0.027	0.025	4.25
NGC7331	P	-10.758	-0.079	-0.020	0.018	12.26
NGC7793	P	-10.944	0.233	-0.057	0.069	3.59
NGC7814	P	-10.563	-0.110	-0.020	0.020	14.75
UGC00128	P	-11.681	0.016	-0.007	0.007	49.32
UGC00191	P	-10.944	0.096	-0.038	0.048	16.10
UGC00634	P	-11.179	0.028	-0.029	0.032	29.84
UGC00731	P	-11.203	-0.243	-0.056	0.049	4.39
UGC00891	P	-11.216	-0.113	-0.028	0.024	5.43
UGC01230	C	-11.686	0.404	-0.100	0.069	49.83
UGC01281	P	-11.411	0.014	-0.017	0.019	5.32
UGC02023	C	-11.154	0.344	-0.178	0.112	8.88
UGC02259	P	-11.108	0.198	-0.060	0.081	15.96
UGC02487	P	-11.058	0.095	-0.011	0.011	73.74
UGC02885	P	-10.968	0.009	-0.025	0.025	81.59
UGC02916	P	-10.824	0.258	-0.060	0.074	58.40
UGC02953	P	-11.147	-0.006	-0.006	0.006	13.51
UGC03205	P	-10.823	0.004	-0.019	0.018	42.35
UGC03546	P	-10.772	0.020	-0.023	0.022	24.33
UGC03580	P	-11.295	-0.046	-0.012	0.012	15.17
UGC04278	P	-10.918	-0.181	-0.047	0.039	5.85
UGC04325	B	-10.700	0.340	-0.119	0.105	14.00
UGC04483	P	-11.307	0.141	-0.043	0.051	3.36
UGC04499	P	-11.197	0.109	-0.069	0.090	13.25
UGC05005	P	-11.663	0.133	-0.078	0.106	51.40
UGC05253	P	-11.332	0.056	-0.008	0.008	20.87
UGC05414	P	-11.015	0.071	-0.090	0.114	8.84
UGC05716	P	-11.585	0.087	-0.026	0.031	22.14
UGC05721	P	-11.391	0.046	-0.029	0.032	10.08
UGC05750	P	-11.405	0.137	-0.059	0.080	62.33
UGC05764	A	-11.286	0.360	-0.082	0.085	15.34
UGC05829	B	-11.254	0.115	-0.157	0.237	6.86
UGC05918	P	-11.569	0.040	-0.062	0.077	7.36
UGC05986	P	-11.159	-0.017	-0.037	0.037	12.80
UGC05999	B	-11.309	0.093	-0.171	0.241	44.25
UGC06399	P	-11.074	-0.004	-0.045	0.049	18.50
UGC06446	P	-11.364	0.139	-0.059	0.076	17.29
UGC06614	P	-11.009	-0.070	-0.040	0.037	82.52
UGC06628	C	-11.250	0.397	-0.129	0.075	11.46
UGC06667	P	-11.279	-0.125	-0.027	0.025	15.59
UGC06786	P	-11.242	-0.029	-0.013	0.012	46.16
UGC06818	P	-11.254	-0.002	-0.035	0.038	15.66
UGC06917	P	-10.966	-0.001	-0.044	0.046	17.93
UGC06923	P	-10.751	0.035	-0.071	0.083	17.20
UGC06930	P	-11.169	0.232	-0.092	0.120	18.37
UGC06983	P	-11.198	0.056	-0.035	0.037	19.80
UGC07089	P	-11.240	0.094	-0.051	0.063	17.02
UGC07125	P	-11.509	0.122	-0.045	0.063	13.44
UGC07151	P	-10.861	0.149	-0.049	0.059	6.96
UGC07232	P	-10.628	-0.033	-0.087	0.099	2.82
UGC07261	B	-11.157	0.242	-0.134	0.153	12.56
UGC07323	P	-10.849	0.131	-0.132	0.167	8.32
UGC07399	P	-11.089	-0.026	-0.042	0.041	14.22
UGC07524	P	-11.216	0.154	-0.045	0.052	4.72
UGC07559	P	-11.403	0.204	-0.055	0.073	4.98
UGC07577	B	-11.735	0.420	-0.082	0.056	2.56
UGC07603	P	-11.259	-0.072	-0.038	0.035	4.66
UGC07608	A	-11.489	0.185	-0.128	0.160	8.47
UGC07690	P	-10.968	0.224	-0.098	0.126	8.96
UGC07866	P	-11.399	0.205	-0.080	0.107	4.58
UGC08286	P	-11.135	0.021	-0.014	0.015	6.60
UGC08490	P	-11.588	0.035	-0.015	0.015	5.20
UGC08550	P	-11.388	0.002	-0.026	0.027	6.52
UGC08699	P	-10.863	-0.011	-0.024	0.023	37.40
UGC08837	P	-11.286	0.216	-0.049	0.063	7.25
UGC09037	P	-11.097	-0.014	-0.037	0.038	73.49
UGC09133	P	-11.361	0.042	-0.007	0.007	35.41
UGC09992	C	-11.354	0.361	-0.138	0.098	9.52
UGC10310	A	-11.125	0.270	-0.136	0.142	16.38
UGC11455	P	-10.651	-0.035	-0.028	0.025	72.22
UGC11557	C	-10.882	0.360	-0.168	0.101	18.22
UGC11820	P	-11.301	-0.015	-0.019	0.019	12.15
UGC11914	A	-9.760	-0.448	-0.037	0.057	9.50
UGC12506	P	-10.921	0.214	-0.044	0.050	117.01
UGC12632	P	-11.405	0.249	-0.085	0.114	13.17
UGC12732	P	-11.443	0.124	-0.055	0.077	13.11
UGCA442	P	-11.393	-0.051	-0.013	0.012	4.20
UGCA444	P	-11.550	0.061	-0.022	0.024	0.95
