Galaksi,Tip,YAY_logMb,YAY_elogMb,YAY_Vf,YAY_eVf,YAY_V2exp,YAY_eV2exp,YAY_V2eff,YAY_eV2eff,YAY_Vmax,YAY_eVmax,YAY_Wp20,YAY_eWp20,YAY_Wm50,YAY_eWm50,YAY_Wm50c,YAY_eWm50c,R_dis_kpc,Vbar_dis_kms,l_omega_kpc,l_om_bolu_R,TEORI_v_yalnizF4,TEORI_v_TAM,FARK_dex_TAM,LCDM_Vmax_kms
UGC02487,S0,11.43,0.16,332.0,40.8,365.6,45.2,364.5,44.3,383.0,46.2,833.6,100.4,843.8,103.1,823.4,100.7,80.38,129.1,29.80,0.371,197.1,235.6,-0.149,727.3
UGC02885,Sc,11.41,0.12,289.5,15.9,285.2,13.9,285.9,14.0,305.0,14.4,646.4,23.4,644.2,23.3,628.6,22.9,74.07,145.3,29.12,0.393,194.8,243.1,-0.076,621.2
NGC6195,Sb,11.35,0.13,251.7,15.1,251.3,14.4,257.7,19.5,258.0,19.5,675.0,34.3,620.6,34.0,595.7,33.0,36.43,173.9,27.18,0.746,188.2,256.2,+0.008,605.6
UGC11455,Scd,11.31,0.16,269.4,8.1,279.7,9.4,288.9,6.6,291.0,10.0,644.0,4.0,634.0,15.0,617.0,15.0,41.93,153.4,25.96,0.619,183.9,239.5,-0.051,584.5
NGC2955,Sb,11.30,0.12,0.0,0.0,0.0,0.0,275.0,24.8,276.0,24.4,674.3,56.5,595.9,51.1,576.6,49.5,35.43,166.4,25.66,0.724,182.9,247.2,,514.0
ESO563-G021,Sbc,11.27,0.16,314.6,12.3,309.3,5.1,318.5,11.0,321.0,8.1,692.2,8.3,690.1,9.1,677.0,9.1,42.41,146.1,24.79,0.584,179.7,231.6,-0.133,503.3
NGC0801,Sc,11.27,0.13,220.1,7.0,223.9,6.9,226.2,6.9,238.0,6.2,505.7,3.4,488.4,16.1,475.2,16.1,59.82,130.3,24.79,0.414,179.7,222.0,+0.004,505.1
NGC5371,Sbc,11.27,0.24,209.5,7.4,240.4,7.0,241.2,7.0,242.0,7.0,523.4,15.4,507.1,13.5,0.0,0.0,46.24,136.5,24.79,0.536,179.7,225.7,+0.032,541.2
UGC09133,Sab,11.27,0.19,226.8,18.4,281.2,22.9,287.7,25.1,289.0,26.1,550.9,43.8,547.2,47.2,534.7,46.3,108.31,94.7,24.79,0.229,179.7,203.2,-0.048,466.0
NGC6674,Sb,11.18,0.19,241.3,19.1,288.4,23.0,280.8,21.9,291.0,23.2,561.2,42.7,552.5,45.0,543.9,44.4,72.41,93.8,22.35,0.309,170.7,194.7,-0.093,373.1
NGC7331,Sb,11.15,0.13,239.0,6.2,246.6,6.4,256.1,5.5,257.0,5.5,546.6,7.2,532.1,9.4,530.1,9.4,36.31,135.5,21.59,0.595,167.8,215.7,-0.045,422.6
UGC02953,Sab,11.15,0.28,264.9,16.7,317.3,18.6,318.2,18.9,319.0,18.9,642.3,38.3,621.4,37.3,617.5,37.0,62.39,102.2,21.59,0.346,167.8,196.4,-0.130,434.6
NGC3992,Sbc,11.13,0.13,241.0,9.3,254.0,9.2,271.6,8.6,272.0,8.6,577.8,14.5,570.5,15.6,564.5,15.5,46.02,115.9,21.10,0.458,165.8,202.3,-0.076,390.1
NGC5985,Sb,11.08,0.24,293.6,10.5,294.3,8.0,289.2,8.7,305.0,11.8,622.4,14.9,635.1,23.7,627.0,23.7,34.72,139.3,19.92,0.574,161.1,213.0,-0.139,364.8
UGC12506,Scd,11.07,0.11,234.0,17.5,242.0,11.7,248.6,14.9,255.0,11.7,494.2,3.1,481.2,14.2,465.1,14.2,49.99,116.6,19.69,0.394,160.2,198.1,-0.072,265.5
NGC5907,Sc,11.06,0.10,215.0,3.8,235.0,4.0,230.3,2.0,235.0,4.0,490.3,4.0,481.3,8.0,478.3,8.0,50.33,109.0,19.46,0.387,159.3,193.0,-0.047,317.6
IC4202,Sbc,11.03,0.13,242.6,11.2,239.4,7.0,246.0,6.3,250.0,5.6,558.0,3.0,554.0,3.0,0.0,0.0,25.90,148.0,18.80,0.726,156.6,215.5,-0.052,323.8
NGC2841,Sb,11.03,0.13,284.8,15.3,319.3,27.2,321.7,18.4,323.0,16.5,632.8,27.8,622.5,29.6,619.4,29.5,63.64,108.6,18.80,0.295,156.6,190.5,-0.175,335.7
NGC2998,Sc,11.03,0.15,209.9,9.5,213.5,6.8,213.3,6.8,214.0,6.8,478.7,11.2,465.2,15.0,451.0,14.8,42.28,112.3,18.80,0.445,156.6,192.7,-0.037,282.0
UGC05253,Sab,11.03,0.23,213.7,21.4,245.0,22.8,245.9,22.9,248.0,23.5,568.3,56.3,526.7,50.0,521.8,49.6,53.29,103.1,18.80,0.353,156.6,187.5,-0.057,312.0
UGC02916,Sab,10.97,0.15,182.7,17.3,210.6,22.7,207.1,16.0,218.0,17.7,492.1,38.3,417.7,33.2,404.7,32.4,38.00,119.6,17.55,0.462,151.2,192.8,+0.023,242.9
NGC5005,Sbc,10.96,0.13,262.2,22.8,0.0,0.0,264.7,22.5,265.0,22.5,613.7,13.2,0.0,0.0,0.0,0.0,11.47,201.5,17.35,1.512,150.4,251.4,-0.018,322.3
NGC5055,Sbc,10.96,0.10,179.0,14.2,204.0,15.0,206.0,15.2,206.0,15.1,488.3,36.2,476.1,34.9,0.0,0.0,54.59,87.9,17.35,0.318,150.4,174.2,-0.012,285.0
UGC06614,Sa,10.96,0.12,199.8,51.4,170.0,41.4,178.7,43.7,205.0,51.8,473.0,114.7,0.0,0.0,0.0,0.0,64.59,94.2,17.35,0.269,150.4,177.4,-0.052,243.2
NGC0891,Sb,10.88,0.11,216.1,6.2,223.1,3.9,224.9,3.2,234.0,12.0,480.0,4.0,0.0,0.0,0.0,0.0,17.11,148.4,15.82,0.925,143.6,206.5,-0.020,263.7
UGC11914,Sab,10.88,0.28,288.1,43.2,285.6,45.1,283.0,41.9,305.0,44.6,695.1,101.4,621.3,92.0,617.4,91.5,9.83,192.1,15.82,1.609,143.6,239.9,-0.080,280.8
NGC3953,Sbc,10.87,0.16,220.8,8.0,223.8,6.0,223.1,6.4,224.0,6.0,482.5,6.7,472.3,18.5,467.8,18.5,15.68,159.2,15.64,0.997,142.8,213.8,-0.014,268.0
NGC0289,Sbc,10.86,0.22,163.0,17.8,178.5,15.6,175.5,31.6,194.0,35.9,419.8,35.9,400.4,36.2,389.2,35.3,71.12,71.0,15.46,0.217,142.0,158.7,-0.012,171.5
NGC5033,Sc,10.85,0.27,194.2,4.7,219.1,3.4,224.4,8.2,225.0,8.2,492.6,5.5,491.5,18.4,480.5,18.4,44.59,88.6,15.28,0.343,141.1,166.6,-0.067,223.1
UGC03205,Sab,10.84,0.20,219.6,10.9,235.6,9.1,218.9,8.5,237.0,12.2,478.2,16.3,471.5,16.1,462.8,16.4,40.04,92.2,15.11,0.377,140.3,167.9,-0.116,227.6
NGC4088,Sbc,10.81,0.15,171.7,8.4,166.3,8.3,174.0,6.6,182.0,6.6,399.5,7.3,363.1,13.9,354.5,13.8,21.48,118.9,14.60,0.680,137.9,182.1,+0.026,218.4
NGC4157,Sb,10.80,0.15,184.7,9.3,189.3,8.5,200.4,7.4,201.0,7.1,429.2,7.7,402.9,14.3,399.9,14.3,29.61,99.2,14.43,0.487,137.1,169.2,-0.038,216.1
UGC09037,Scd,10.78,0.11,152.3,14.9,131.7,7.6,139.7,8.8,160.0,9.8,350.9,14.6,329.9,21.7,318.9,21.4,27.96,98.6,14.10,0.504,135.6,167.6,+0.042,167.4
UGC06787,Sab,10.75,0.24,248.1,7.7,243.2,6.0,233.0,6.2,276.0,14.1,533.1,16.6,0.0,0.0,0.0,0.0,37.19,90.4,13.62,0.366,133.2,161.0,-0.188,205.7
UGC03546,Sa,10.73,0.24,196.9,15.3,197.9,12.5,194.3,17.8,262.0,75.3,456.6,28.3,0.0,0.0,0.0,0.0,29.23,96.0,13.31,0.455,131.7,163.0,-0.082,210.0
NGC4051,Sbc,10.71,0.16,157.0,10.9,155.0,10.2,0.0,0.0,161.0,9.0,353.8,18.0,326.0,16.9,320.7,16.6,12.19,125.8,13.01,1.067,130.2,181.0,+0.062,201.5
NGC1090,Sbc,10.68,0.23,164.4,5.7,165.3,12.8,174.8,5.5,176.0,8.6,379.4,11.4,366.0,17.7,354.9,17.5,30.09,91.6,12.57,0.418,128.0,157.4,-0.019,171.5
NGC3521,Sbc,10.68,0.28,213.7,16.9,214.2,23.6,218.1,15.5,220.0,9.8,484.5,12.4,471.6,15.2,465.9,15.1,17.74,112.4,12.57,0.708,128.0,170.4,-0.098,187.5
NGC4217,Sb,10.66,0.16,181.3,9.1,184.4,6.4,190.8,5.6,191.0,6.4,422.0,13.0,396.0,19.0,388.9,19.0,16.72,126.0,12.28,0.735,126.5,178.6,-0.007,188.1
NGC2903,Sbc,10.65,0.28,184.6,7.5,212.6,5.3,201.0,4.8,216.0,5.9,429.1,11.2,414.9,12.6,412.7,12.5,24.96,90.0,12.14,0.486,125.8,154.7,-0.077,183.7
NGC3726,Sc,10.64,0.15,168.0,13.2,150.5,6.3,150.7,6.3,169.0,11.5,368.1,11.4,344.3,14.2,340.6,14.2,32.52,80.5,12.00,0.369,125.1,148.7,-0.053,169.3
NGC4013,Sb,10.64,0.16,172.9,7.5,195.0,3.0,195.0,3.0,198.0,10.0,409.1,7.0,399.1,16.0,397.1,16.0,31.01,81.9,12.00,0.387,125.1,149.5,-0.063,180.2
UGC06786,S0,10.64,0.24,219.4,9.8,220.0,6.3,220.0,8.4,229.0,6.1,487.3,13.4,476.2,22.6,470.6,22.5,34.05,78.5,12.00,0.352,125.1,147.7,-0.172,173.1
NGC2683,Sb,10.62,0.11,154.0,11.4,204.2,5.9,210.1,6.0,212.0,6.0,446.8,8.5,443.7,15.6,441.7,15.6,34.62,73.9,11.73,0.339,123.6,144.1,-0.029,181.8
NGC6946,Scd,10.61,0.28,158.9,14.8,177.2,9.4,177.8,8.0,181.0,9.0,396.3,19.0,0.0,0.0,0.0,0.0,20.40,94.3,11.59,0.568,122.9,154.9,-0.011,164.6
NGC7814,Sab,10.59,0.11,218.9,7.2,228.0,5.2,229.6,6.5,265.0,15.0,512.0,20.0,466.0,8.0,462.0,8.0,19.53,106.3,11.33,0.580,121.5,161.4,-0.132,174.5
NGC3877,Sc,10.58,0.16,168.4,6.2,160.7,5.3,171.0,5.0,171.0,5.0,370.0,7.2,366.9,18.1,359.2,18.1,11.35,137.5,11.20,0.987,120.8,183.1,+0.036,172.1
NGC3893,Sc,10.57,0.15,174.0,14.6,194.0,8.7,189.6,8.6,194.0,8.7,413.4,13.5,384.3,14.1,379.0,14.0,19.05,95.4,11.07,0.581,120.1,153.4,-0.055,156.1
NGC3198,Sc,10.53,0.11,150.1,4.7,145.1,2.8,155.6,3.2,157.0,3.2,335.7,7.3,322.6,9.5,318.4,9.5,44.08,64.7,10.57,0.240,117.4,134.1,-0.049,135.6
NGC4100,Sbc,10.53,0.15,158.2,8.2,173.8,6.5,192.0,4.4,195.0,6.4,422.5,10.1,405.7,9.1,400.5,9.1,22.76,84.0,10.57,0.465,117.4,144.4,-0.040,157.1
ESO079-G014,Sbc,10.48,0.24,175.0,4.8,167.9,3.7,176.3,3.7,178.0,3.6,400.4,9.8,381.0,18.2,376.9,18.2,16.67,96.7,9.98,0.599,114.1,149.6,-0.068,149.0
UGC08699,Sab,10.48,0.24,182.4,11.3,178.6,9.1,180.1,16.5,202.0,10.7,411.0,20.9,0.0,0.0,0.0,0.0,25.70,78.3,9.98,0.388,114.1,138.4,-0.120,147.5
NGC4138,S0,10.38,0.16,147.3,18.0,183.3,16.4,186.4,16.4,195.0,10.3,412.0,19.1,391.9,17.4,381.9,19.9,18.58,78.6,8.90,0.479,107.7,133.3,-0.043,141.3
NGC6015,Scd,10.38,0.27,154.1,8.1,149.0,3.8,149.0,5.0,166.0,7.1,361.4,8.8,354.5,10.7,351.0,10.7,29.23,62.5,8.90,0.304,107.7,124.5,-0.093,129.5
NGC3949,Sbc,10.37,0.15,163.0,16.1,0.0,0.0,158.9,7.7,169.0,25.8,347.9,10.4,322.3,18.7,318.6,18.7,7.07,119.2,8.79,1.244,107.1,160.3,-0.007,135.4
NGC4559,Scd,10.24,0.27,121.2,5.6,104.1,5.7,113.0,4.7,124.0,4.4,278.1,5.4,262.9,9.2,259.6,9.2,20.97,69.3,7.57,0.361,99.3,121.1,-0.000,116.0
NGC3769,Sb,10.22,0.14,118.6,10.2,125.3,5.9,110.9,7.2,126.0,4.7,279.9,8.8,254.3,8.6,248.0,8.6,37.16,45.7,7.40,0.199,98.2,108.3,-0.039,115.2
UGC00128,Sdm,10.20,0.14,129.6,15.0,113.7,12.9,126.4,14.3,134.0,15.3,287.4,33.5,265.9,33.7,255.2,32.6,53.75,41.5,7.23,0.135,97.1,105.6,-0.089,106.5
NGC3917,Scd,10.13,0.15,135.9,5.1,120.0,4.0,136.7,3.6,138.0,5.1,300.5,6.3,290.8,17.6,287.3,17.6,14.86,70.1,6.67,0.449,93.3,116.7,-0.066,119.0
NGC4085,Sc,10.10,0.15,131.5,6.5,127.2,4.9,128.4,4.9,136.0,7.4,307.0,7.2,285.8,8.1,279.7,8.1,6.20,101.5,6.45,1.040,91.7,136.8,+0.017,118.7
NGC4010,Sd,10.09,0.14,125.8,5.5,116.0,5.1,0.0,0.0,129.0,5.1,276.0,7.0,257.5,18.5,251.0,18.5,10.47,72.2,6.37,0.609,91.1,116.2,-0.034,113.4
UGC03580,Sa,10.09,0.23,126.2,5.6,96.9,12.2,96.6,7.1,131.0,5.0,271.6,11.9,0.0,0.0,0.0,0.0,27.06,49.0,6.37,0.235,91.1,103.5,-0.086,108.3
NGC1003,Scd,10.05,0.26,109.8,5.8,76.2,4.2,90.3,5.1,115.0,4.6,249.9,11.0,227.0,11.6,224.9,11.5,30.24,43.5,6.08,0.201,89.1,99.1,-0.044,97.2
NGC4183,Scd,10.00,0.14,110.6,6.6,103.1,5.2,114.2,6.1,115.0,6.1,258.5,7.1,241.3,15.0,238.3,15.0,21.02,49.9,5.74,0.273,86.5,99.9,-0.044,104.6
UGC11557,Sdm,9.98,0.23,0.0,0.0,84.3,26.7,80.7,25.3,85.0,26.9,224.0,67.9,180.0,55.0,174.0,53.2,10.56,65.1,5.61,0.532,85.5,107.5,,106.6
NGC2403,Scd,9.97,0.08,131.2,6.1,101.6,4.2,118.0,6.2,136.0,5.3,287.3,12.6,0.0,0.0,0.0,0.0,20.87,51.4,5.55,0.266,85.0,99.4,-0.121,103.3
NGC3972,Sbc,9.94,0.15,132.7,5.4,112.9,4.4,132.2,6.1,134.0,6.1,273.0,11.1,278.1,8.1,274.0,8.1,8.72,71.9,5.36,0.615,83.6,110.3,-0.080,109.8
NGC6503,Scd,9.94,0.09,116.3,3.3,119.9,2.3,118.8,2.3,121.0,2.3,263.2,12.3,172.7,50.0,169.6,50.0,23.50,42.9,5.36,0.228,83.6,93.9,-0.093,107.7
UGC06930,Sd,9.94,0.13,107.2,16.4,102.9,15.3,103.1,15.3,109.0,16.1,262.3,37.5,0.0,0.0,0.0,0.0,16.61,54.2,5.36,0.323,83.6,99.6,-0.032,101.4
F568-3,Sd,9.93,0.11,0.0,0.0,99.1,21.5,111.8,25.6,120.0,27.7,275.4,59.5,266.0,57.6,0.0,0.0,17.98,52.2,5.30,0.295,83.1,98.1,,100.3
F574-1,Sd,9.90,0.10,97.8,9.3,97.7,9.1,99.5,9.2,99.7,9.6,265.9,26.9,247.2,25.7,0.0,0.0,12.60,46.5,5.12,0.406,81.7,94.0,-0.017,96.6
UGC07125,Sm,9.88,0.26,65.2,2.8,56.7,2.0,57.3,2.0,65.6,2.1,180.0,9.0,151.0,8.0,147.0,8.0,18.68,39.1,5.00,0.268,80.8,89.7,+0.139,85.0
F571-8,Sc,9.87,0.19,139.7,5.8,127.2,4.1,76.0,4.0,144.0,5.1,313.2,16.2,312.2,16.2,0.0,0.0,15.55,40.8,4.95,0.318,80.3,90.1,-0.191,103.5
UGC06983,Scd,9.82,0.13,109.0,7.8,102.5,3.8,107.1,4.7,113.0,4.7,261.0,8.0,241.2,16.4,237.2,16.4,15.68,49.1,4.67,0.298,78.0,92.2,-0.073,93.6
UGC00634,Sm,9.80,0.22,0.0,0.0,75.2,14.5,94.7,17.6,108.0,20.0,259.2,48.3,239.3,45.9,236.0,45.3,,,,,,,,86.2
UGC05005,Im,9.79,0.18,98.9,22.3,65.9,15.8,78.1,32.4,100.0,22.4,0.0,0.0,169.2,37.8,0.0,0.0,28.61,43.1,4.51,0.158,76.7,87.9,-0.051,90.2
UGC06917,Sm,9.79,0.14,108.7,6.2,99.9,4.2,106.8,4.7,111.0,6.5,243.7,9.8,230.4,9.7,225.6,9.6,10.47,56.3,4.51,0.431,76.7,95.1,-0.058,97.3
NGC0247,Sd,9.78,0.08,104.9,9.1,91.4,5.0,104.8,9.0,108.0,7.9,228.9,6.1,0.0,0.0,0.0,0.0,14.54,48.2,4.46,0.307,76.2,90.2,-0.066,98.3
UGC05986,Sm,9.77,0.27,113.0,4.9,104.4,3.6,116.0,2.0,116.0,2.3,262.0,5.0,252.0,20.0,248.0,20.0,9.41,44.2,4.41,0.468,75.8,87.7,-0.110,92.0
UGC12732,Sm,9.76,0.27,0.0,0.0,67.7,9.6,75.0,10.3,98.0,13.1,214.5,28.0,193.9,27.4,189.9,26.9,15.40,46.3,4.36,0.283,75.4,88.4,,79.5
F568-V1,Sd,9.72,0.10,112.3,28.9,112.8,34.2,111.3,35.1,118.0,28.6,320.5,68.6,284.7,61.3,0.0,0.0,17.63,43.0,4.16,0.236,73.6,85.3,-0.120,89.3
NGC7793,Sd,9.67,0.09,0.0,0.0,98.4,15.3,114.0,18.4,116.0,18.5,265.3,39.2,242.0,37.8,232.4,36.4,7.87,56.6,3.93,0.499,71.6,91.2,,97.7
NGC0055,Sm,9.64,0.08,85.6,5.4,86.6,5.6,82.2,2.5,87.4,2.7,208.3,7.4,185.8,13.2,178.6,13.2,13.50,47.8,3.80,0.281,70.3,85.0,-0.003,91.8
NGC0100,Scd,9.63,0.27,88.1,8.7,70.5,4.0,78.6,5.6,91.2,13.7,229.0,5.0,215.0,10.0,213.0,10.0,9.62,35.7,3.75,0.390,69.9,78.5,-0.050,87.2
NGC5585,Sd,9.57,0.27,90.3,3.7,72.4,3.2,77.6,4.4,92.3,3.0,208.5,7.1,193.0,9.7,191.1,9.7,10.96,40.8,3.50,0.319,67.6,78.9,-0.059,86.0
ESO116-G012,Sd,9.55,0.27,109.1,4.0,85.5,3.3,106.3,4.5,112.0,5.0,241.3,9.7,226.8,13.4,219.5,13.4,9.86,47.0,3.42,0.347,66.8,81.7,-0.126,90.8
UGC07524,Sm,9.55,0.06,79.6,5.7,77.1,4.9,75.5,5.0,83.8,5.9,186.3,10.7,166.8,11.6,165.4,11.6,10.69,43.9,3.42,0.320,66.8,79.9,+0.002,83.8
UGC07089,Sdm,9.53,0.14,0.0,0.0,63.0,4.4,73.5,6.1,79.1,7.3,161.5,7.2,151.3,8.1,147.2,8.1,9.16,41.6,3.34,0.365,66.0,78.0,,88.5
F583-1,Sm,9.52,0.22,85.8,7.9,69.8,4.3,78.7,13.9,86.9,6.8,205.4,18.4,198.7,18.3,0.0,0.0,16.26,41.4,3.31,0.203,65.6,77.6,-0.044,74.0
UGC05750,Sdm,9.50,0.18,0.0,0.0,66.8,13.5,78.3,12.9,78.9,12.9,0.0,0.0,90.1,18.2,0.0,0.0,22.85,41.5,3.23,0.141,64.9,77.0,,87.6
UGC11820,Sm,9.49,0.26,0.0,0.0,57.1,10.0,60.4,10.6,84.5,14.8,190.9,33.7,157.0,28.5,149.9,27.4,15.82,37.4,3.19,0.202,64.5,74.6,,73.9
UGC07323,Sdm,9.48,0.27,0.0,0.0,81.3,5.5,0.0,0.0,85.6,5.7,194.2,11.2,170.9,11.6,168.2,11.5,,,,,,,,90.2
UGC12632,Sm,9.47,0.26,71.7,4.9,64.6,4.9,70.4,4.5,73.2,4.8,183.5,11.0,157.1,11.3,154.3,11.2,10.66,36.7,3.12,0.293,63.8,73.6,+0.011,76.9
NGC0024,Sc,9.45,0.09,106.3,8.5,106.9,11.5,106.1,11.5,110.0,4.0,248.1,8.1,240.3,16.2,235.3,16.2,11.27,35.0,3.05,0.271,63.0,72.1,-0.169,89.5
UGC00191,Sm,9.45,0.26,0.0,0.0,73.7,9.9,76.7,6.8,83.8,7.4,203.6,18.8,185.3,21.4,182.4,21.2,9.98,40.6,3.05,0.306,63.0,75.0,,81.5
NGC0300,Sd,9.43,0.08,93.3,20.1,83.1,16.8,79.9,16.2,97.0,19.6,248.1,48.6,231.6,48.8,221.2,46.9,11.80,33.0,2.98,0.253,62.3,70.5,-0.121,85.9
UGC07261,Sdm,9.43,0.26,74.7,23.3,65.9,20.7,74.2,23.1,76.1,23.7,216.0,65.7,0.0,0.0,0.0,0.0,6.67,38.7,2.98,0.447,62.3,73.3,-0.008,80.1
F571-V1,Sd,9.41,0.10,83.6,26.0,68.2,21.8,79.8,24.9,84.3,26.2,168.0,53.2,166.0,52.7,0.0,0.0,13.59,34.4,2.91,0.214,61.6,70.6,-0.074,80.6
UGC00731,Im,9.41,0.26,73.3,4.0,63.0,3.3,50.9,3.3,74.0,3.8,174.1,22.8,0.0,0.0,0.0,0.0,10.91,36.9,2.91,0.267,61.6,71.8,-0.009,63.8
UGC06923,Im,9.40,0.14,79.6,5.1,74.9,4.9,75.9,4.1,81.1,5.3,192.0,6.8,166.6,8.4,162.2,8.4,5.16,47.9,2.88,0.558,61.3,77.8,-0.010,85.8
UGC10310,Sm,9.39,0.27,71.4,12.3,67.7,11.7,71.9,12.3,73.2,12.4,202.1,32.4,166.3,27.0,164.5,26.8,7.74,39.8,2.85,0.368,60.9,72.8,+0.008,80.0
UGC06446,Sd,9.37,0.26,82.2,7.0,69.2,4.6,74.1,4.8,84.9,6.6,200.7,12.4,173.7,14.9,171.1,14.9,10.22,36.4,2.78,0.272,60.2,70.4,-0.067,74.1
UGC04499,Sdm,9.35,0.26,72.8,4.4,62.9,4.0,70.3,4.2,74.3,4.2,180.1,9.4,156.6,10.6,152.7,10.4,8.18,39.9,2.72,0.332,59.5,71.6,-0.007,78.7
UGC06818,Sm,9.35,0.13,71.2,6.4,42.2,4.3,61.0,4.8,74.4,6.1,182.2,12.3,158.4,8.3,154.3,8.3,6.98,32.3,2.72,0.389,59.5,67.7,-0.022,79.0
UGC04278,Sd,9.33,0.26,91.4,7.3,75.8,4.0,76.7,4.0,92.8,8.8,206.0,10.0,185.0,18.0,183.0,18.0,6.69,45.5,2.66,0.397,58.8,74.4,-0.089,76.9
DDO161,Im,9.32,0.26,66.3,4.6,36.2,3.7,43.8,4.3,67.5,5.4,139.4,10.2,125.6,15.3,118.1,15.0,13.37,29.4,2.63,0.196,58.5,65.5,-0.005,68.5
UGC06399,Sm,9.31,0.14,85.0,5.2,78.4,3.8,85.5,5.0,87.6,5.0,179.1,17.4,185.3,8.2,181.2,8.2,7.85,38.6,2.60,0.331,58.2,69.8,-0.085,83.1
UGC07151,Scd,9.29,0.08,73.5,3.7,66.6,2.1,72.1,3.2,76.2,3.2,172.0,4.0,160.0,11.0,158.0,11.0,5.50,44.1,2.54,0.461,57.5,72.5,-0.006,83.0
IC2574,Sm,9.28,0.06,66.4,6.0,47.6,1.8,50.0,1.9,67.5,9.6,135.6,8.3,0.0,0.0,0.0,0.0,10.23,32.0,2.51,0.245,57.2,65.5,-0.006,74.3
NGC2976,Sc,9.28,0.11,85.4,9.6,86.3,9.9,0.0,0.0,88.7,9.7,178.4,18.6,0.0,0.0,0.0,0.0,2.27,60.0,2.51,1.105,57.2,82.9,-0.013,87.7
UGC04325,Sm,9.28,0.27,90.9,6.4,91.4,6.3,91.5,6.3,92.7,6.4,228.6,14.7,208.8,14.9,204.2,14.7,5.59,43.5,2.51,0.449,57.2,71.8,-0.102,81.7
UGC06667,Scd,9.25,0.13,83.8,3.9,0.0,0.0,85.0,3.0,85.7,3.4,199.0,11.0,184.5,14.5,181.5,14.5,7.85,29.8,2.42,0.309,56.2,63.6,-0.120,77.6
UGC05716,Sm,9.24,0.22,73.1,9.4,51.7,6.8,57.5,7.3,74.7,9.7,170.6,22.7,156.4,22.9,153.3,22.6,12.37,29.7,2.39,0.194,55.9,63.3,-0.063,69.1
F583-4,Sc,9.23,0.19,0.0,0.0,56.7,8.5,66.7,9.5,69.9,9.8,173.3,26.5,163.6,25.6,0.0,0.0,7.29,30.3,2.37,0.325,55.5,63.3,,79.8
UGC05829,Im,9.22,0.26,0.0,0.0,51.8,14.3,62.0,16.8,68.6,18.5,171.7,44.6,144.9,38.3,143.1,37.9,6.91,37.4,2.34,0.339,55.2,66.7,,68.7
UGC07399,Sdm,9.20,0.27,103.0,6.4,94.7,4.6,89.5,4.1,106.0,6.3,275.9,15.7,228.3,40.9,225.8,40.8,6.13,33.7,2.29,0.373,54.6,64.2,-0.206,75.6
UGC02259,Sdm,9.18,0.26,86.2,6.2,81.8,5.1,83.4,5.2,90.0,6.2,208.8,14.4,192.1,16.7,190.5,16.6,8.14,35.0,2.23,0.275,54.0,64.3,-0.127,79.9
UGC08286,Scd,9.17,0.06,82.4,2.5,72.1,2.0,80.3,2.1,84.3,2.0,190.0,1.0,184.0,1.0,0.0,0.0,8.04,32.7,2.21,0.275,53.7,62.8,-0.118,76.5
UGC08490,Sm,9.17,0.11,78.6,5.2,69.8,4.8,76.3,5.0,80.1,5.1,167.1,9.5,159.3,7.1,0.0,0.0,10.15,27.0,2.21,0.218,53.7,60.1,-0.117,74.4
UGC05414,Im,9.12,0.27,0.0,0.0,55.4,3.2,0.0,0.0,61.4,3.3,146.5,8.8,129.4,9.3,125.7,9.2,4.11,33.7,2.09,0.507,52.1,62.1,,75.4
DDO170,Im,9.10,0.26,60.0,3.7,48.7,2.8,55.0,3.2,62.2,3.5,150.0,10.1,153.2,8.9,0.0,0.0,12.33,27.1,2.04,0.165,51.5,58.2,-0.013,68.4
F565-V2,Im,9.08,0.18,0.0,0.0,66.3,9.7,76.9,9.2,83.1,10.3,149.0,21.9,142.0,21.5,0.0,0.0,8.80,30.2,1.99,0.226,51.0,59.2,,68.6
UGC05721,Sd,9.01,0.26,79.7,7.8,56.9,6.1,69.2,5.7,82.6,6.1,205.8,11.6,186.4,12.1,182.9,11.9,6.74,27.9,1.84,0.273,48.9,56.3,-0.151,68.2
NGC2915,BCD,9.00,0.06,83.5,8.0,44.7,9.6,38.0,13.5,86.5,7.6,185.8,11.9,183.3,17.3,174.9,17.1,10.04,23.1,1.82,0.181,48.7,53.9,-0.190,69.9
UGC07690,Im,8.98,0.27,57.4,7.3,59.9,7.4,60.6,7.5,60.7,7.5,166.1,19.4,0.0,0.0,0.0,0.0,4.13,31.4,1.78,0.430,48.1,57.5,+0.000,72.7
UGC00891,Sm,8.88,0.27,0.0,0.0,44.8,2.7,47.5,2.8,63.8,3.3,158.2,10.6,133.9,14.6,132.8,14.6,,,,,,,,65.1
NGC3109,Sm,8.86,0.06,66.2,3.9,51.4,3.9,50.2,3.8,67.3,3.7,143.7,6.8,130.9,13.6,123.4,13.6,6.45,21.4,1.55,0.240,44.9,49.7,-0.124,59.7
UGC08837,Im,8.83,0.07,0.0,0.0,46.9,3.2,0.0,0.0,48.0,3.1,107.6,5.3,0.0,0.0,0.0,0.0,4.20,29.3,1.49,0.356,44.1,53.0,,67.7
DDO168,Im,8.81,0.06,53.7,3.7,47.6,2.8,52.3,3.0,55.0,3.9,97.6,6.6,0.0,0.0,0.0,0.0,4.12,25.5,1.46,0.354,43.6,50.5,-0.026,59.6
UGC09992,Im,8.77,0.26,33.6,11.6,32.9,11.4,33.5,11.6,34.3,11.8,116.0,35.6,0.0,0.0,0.0,0.0,,,,,,,,64.2
UGC01281,Sdm,8.75,0.06,55.2,4.2,54.4,4.0,55.3,4.0,56.9,4.0,135.0,4.0,122.0,8.0,119.0,8.0,4.99,24.2,1.36,0.273,42.1,48.6,-0.055,64.6
UGC07603,Sd,8.73,0.26,61.6,3.3,45.5,2.9,56.8,3.0,64.0,3.0,154.4,7.2,118.6,8.1,114.5,8.1,4.11,22.7,1.33,0.324,41.7,47.4,-0.114,65.1
UGC08550,Sd,8.72,0.26,56.9,2.3,42.7,2.7,49.4,2.1,57.8,2.2,154.0,7.0,132.0,1.0,0.0,0.0,5.36,24.6,1.32,0.246,41.4,48.2,-0.072,62.9
UGC05918,Im,8.71,0.26,0.0,0.0,42.0,5.3,0.0,0.0,44.5,5.4,104.3,10.6,0.0,0.0,0.0,0.0,4.46,19.7,1.30,0.292,41.2,45.7,,61.2
D631-7,Im,8.68,0.05,57.7,4.1,28.1,2.5,36.5,2.2,58.5,4.4,126.0,16.5,122.5,16.5,0.0,0.0,7.19,18.2,1.26,0.175,40.5,44.4,-0.114,59.8
UGCA442,Sm,8.62,0.06,56.4,4.2,45.6,3.3,52.2,3.7,57.8,4.5,123.5,10.2,110.1,14.6,102.4,14.4,6.33,18.4,1.17,0.185,39.1,43.2,-0.116,57.2
DDO154,Im,8.59,0.06,47.0,1.7,18.9,0.9,26.2,1.0,48.2,1.4,114.6,5.0,97.4,8.4,95.1,8.4,5.92,16.3,1.13,0.191,38.4,41.7,-0.052,50.4
DDO064,Im,8.56,0.26,46.1,6.4,41.2,5.1,46.4,7.1,46.9,9.0,128.2,8.2,95.8,9.3,95.8,9.3,2.98,25.3,1.09,0.367,37.8,45.5,-0.006,58.1
NGC4068,Im,8.51,0.07,0.0,0.0,27.0,3.4,40.4,6.6,41.9,6.7,116.6,13.6,93.6,12.9,92.1,12.8,2.33,25.5,1.03,0.443,36.7,44.7,,61.3
UGC07559,Im,8.45,0.06,0.0,0.0,23.9,3.3,30.3,3.3,32.1,3.4,90.3,6.5,0.0,0.0,0.0,0.0,2.53,19.8,0.96,0.381,35.5,40.6,,55.4
D512-2,Im,8.43,0.27,0.0,0.0,36.6,6.0,0.0,0.0,37.2,6.1,113.4,20.8,107.4,20.4,0.0,0.0,,,,,,,,63.9
NGC3741,Im,8.41,0.06,50.1,3.1,16.8,2.4,22.0,2.3,51.6,3.5,108.5,7.5,90.5,8.3,84.1,8.3,7.00,13.7,0.92,0.132,34.6,37.2,-0.129,46.4
UGC05764,Im,8.41,0.26,0.0,0.0,55.7,5.7,55.1,5.6,55.8,5.7,142.0,15.9,122.4,16.5,121.2,16.4,3.62,21.2,0.92,0.254,34.6,40.6,,53.6
UGC07866,Im,8.34,0.06,0.0,0.0,26.1,4.7,29.9,4.9,33.1,5.1,93.6,10.4,0.0,0.0,0.0,0.0,2.32,18.4,0.85,0.366,33.3,38.0,,56.3
ESO444-G084,Im,8.33,0.10,0.0,0.0,41.1,7.5,49.8,9.5,63.1,10.7,141.5,25.7,0.0,0.0,0.0,0.0,4.44,15.7,0.84,0.189,33.1,36.6,,52.3
KK98-251,Im,8.29,0.26,33.7,2.7,34.4,2.7,33.7,2.7,34.6,2.7,0.0,0.0,0.0,0.0,0.0,0.0,3.13,19.5,0.80,0.256,32.3,37.8,+0.049,53.6
UGC07232,Im,8.07,0.08,0.0,0.0,36.0,3.8,0.0,0.0,44.0,4.0,91.0,7.7,0.0,0.0,0.0,0.0,,,,,,,,55.6
UGCA444,Im,7.98,0.06,37.0,6.3,32.1,4.4,23.1,3.1,38.3,7.8,75.7,6.1,56.2,8.0,56.2,8.0,,,,,,,,41.5
UGC07577,Im,7.91,0.06,0.0,0.0,0.0,0.0,16.2,3.2,17.8,3.2,57.2,5.2,41.5,8.1,40.4,8.1,1.69,12.4,0.52,0.306,26.0,28.8,,49.3
NGC6789,BCD,7.86,0.09,0.0,0.0,58.5,12.1,0.0,0.0,60.4,12.3,0.0,0.0,0.0,0.0,0.0,0.0,,,,,,,,54.7
D564-8,Im,7.74,0.06,0.0,0.0,18.1,2.1,19.0,2.2,25.0,2.6,79.7,16.8,79.7,16.8,0.0,0.0,3.07,8.9,0.43,0.139,23.6,25.2,,47.4
CamB,Im,7.73,0.10,0.0,0.0,12.6,1.6,0.0,0.0,20.1,1.7,0.0,0.0,0.0,0.0,0.0,0.0,1.79,12.6,0.42,0.235,23.4,26.6,,52.7
UGC04483,Im,7.69,0.09,0.0,0.0,17.1,1.7,19.8,1.4,24.3,2.4,89.6,22.2,0.0,0.0,0.0,0.0,1.21,13.4,0.40,0.332,22.9,26.5,,42.0
