grup,g,k,durum,u,rms_taban,rms_k,rms_u,logSBeff,logSBdisk,logSigEff,gazkesri,logVflat,logRHI_Rd,logMbar,diklik,calkanti,bicim
01_erken_spiral,NGC7814,2.313,ok,1.306,23.59,20.51,33.84,3.433,3.421,3.212,0.05258,2.34,0.6797,10.65,0.03226,0.003774,1.065
01_erken_spiral,UGC02916,0.525,ok,0.8652,39.8,30.45,27.63,3.385,2.717,3.382,0.3716,2.262,0.7457,11.07,0.009737,0.004587,1.204
01_erken_spiral,UGC02953,1.948,ok,1.244,30.51,28.67,39.05,3.189,3.625,2.973,0.09048,2.423,0.83,11.17,0.04408,0.003135,1.096
01_erken_spiral,UGC03205,1.282,ok,1.081,15.58,12.67,12.58,2.769,3.593,2.645,0.2141,2.342,0.9526,10.9,0.07592,0.008439,1.005
01_erken_spiral,UGC03546,1.116,ok,1.03,35.85,36.38,38.73,3.381,2.965,3.018,0.1083,2.294,0.6855,10.64,0.02155,0.007634,0.9845
01_erken_spiral,UGC03580,0.6684,ok,0.879,31.9,28.71,26.48,2.789,2.481,2.848,0.511,2.101,0.9148,10.18,0.2783,0.0126,0.7806
01_erken_spiral,UGC05253,0.6076,ok,0.9093,26.03,22.98,20.42,3.173,2.277,3.041,0.2239,2.33,0.6571,11.1,0.002439,0,1.128
01_erken_spiral,UGC06614,1.023,ok,1.009,25.2,25.55,25.83,3.165,2.733,3.138,0.4821,2.301,1.075,11.07,0.05001,0.007317,0.8529
01_erken_spiral,UGC06787,2.867,ok,1.341,35.41,36.01,50.91,3.277,2.633,3.112,0.1405,2.395,0.6923,10.83,0.009411,0.007246,0.9961
01_erken_spiral,UGC08699,1.511,ok,1.116,17.71,17.67,21.04,3.341,3.137,3.178,0.2008,2.261,0.7899,10.54,0.01673,0.009901,0.9617
01_erken_spiral,UGC09133,0.8895,ok,0.9599,24.22,22.89,21.7,3.109,2.937,3.001,0.3013,2.356,0.9374,11.34,0.002954,0.00346,1.144
01_erken_spiral,UGC11914,1.6,ok,1.08,15.68,8.973,8.858,3.385,3.501,3.065,0.02761,2.46,0.5792,10.85,0.08545,0.003279,0.9508
02_orta_spiral,ESO079-G014,1.794,ok,1.207,14.95,14.03,13.75,2.197,3.361,1.947,0.2184,2.243,0.5414,10.46,0.5003,0.06376,0.573
02_orta_spiral,ESO563-G021,2.803,ok,1.38,46.06,25.55,26.89,2.633,3.817,2.441,0.1962,2.498,1.01,11.29,0.1787,0.01246,0.9327
02_orta_spiral,IC4202,1.123,ok,1.03,27.68,28.01,28.41,2.593,3.949,2.389,0.1937,2.385,0.8275,11.05,0.1826,0.028,0.8907
02_orta_spiral,NGC0289,0.7133,ok,0.8771,14.97,11.47,12.95,3.201,1.845,3.218,0.6237,2.212,0.866,10.88,0.02109,0.02062,1.042
02_orta_spiral,NGC0891,0.5619,ok,0.8864,39.94,33.3,29.29,3.209,3.705,2.926,0.1125,2.335,0.8526,10.86,0.05377,0.008547,1.072
02_orta_spiral,NGC1090,0.5939,ok,0.8491,15.44,9.279,9.136,2.453,3.313,2.35,0.3393,2.216,0.9364,10.76,0.1692,0.01136,1.031
02_orta_spiral,NGC2683,1.059,ok,1.022,11.33,11.04,10.53,3.057,4.009,2.65,0.0632,2.188,0.8011,10.5,0.08348,0.06604,1.364
02_orta_spiral,NGC2841,4.492,ok,1.71,67.3,26.66,9.123,2.993,3.677,2.825,0.5478,2.455,1.093,11.11,0.05405,0.006192,1.048
02_orta_spiral,NGC2903,1.19,ok,1.063,28.99,29.84,32.14,2.801,3.077,2.536,0.1243,2.266,0.7713,10.65,0.07692,0.009259,1.139
02_orta_spiral,NGC2955,0.4833,ok,0.8451,34.17,21.03,17.29,2.989,1.705,2.807,0.2375,2.441,0.3325,11.32,0.06492,0.02899,1.176
02_orta_spiral,NGC3521,0.5391,ok,0.9053,12.82,11.18,9.409,3.349,3.325,3.087,0.1596,2.33,0.8951,10.66,0.04848,0.01364,1.068
02_orta_spiral,NGC3769,0.8952,ok,0.9589,7.429,6.785,6.3,2.797,2.205,2.714,0.5567,2.074,0.8246,10.19,0.09419,0.03968,1.115
02_orta_spiral,NGC3949,1.046,ok,1.01,10.28,10.6,10.68,3.025,2.269,2.617,0.2397,2.212,0.5823,10.17,0.3692,0.02663,0.7278
02_orta_spiral,NGC3953,0.8846,ok,0.9748,15.83,16.33,17.05,2.769,3.301,2.356,0.09452,2.344,0.5507,10.73,0.2232,0.03125,0.8419
02_orta_spiral,NGC3972,1.689,ok,1.173,9.039,3.226,3.15,2.217,3.201,1.97,0.2247,2.123,0.6637,9.912,0.5011,0.05224,0.6672
02_orta_spiral,NGC3992,2.145,ok,1.305,45.37,33.88,24.97,2.557,3.513,2.146,0.2458,2.382,0.8197,10.94,0.1997,0.02022,1.114
02_orta_spiral,NGC4013,2.729,ok,1.4,21.27,13.47,19.68,2.873,4.009,2.225,0.2776,2.238,0.9485,10.25,0.177,0.0101,1.147
02_orta_spiral,NGC4051,0.1397,ok,0.6852,21.81,7.994,12.88,2.505,3.121,2.063,0.1243,2.196,0.5124,10.54,0.4299,0.03727,0.7582
02_orta_spiral,NGC4088,0.1317,ok,0.641,41.13,15.53,7.167,2.661,3.601,2.424,0.2028,2.235,0.9357,10.79,0.2439,0.01648,0.931
02_orta_spiral,NGC4100,1.471,ok,1.131,15.56,10.72,9.033,2.589,3.953,2.278,0.1946,2.199,0.9243,10.46,0.192,0.01538,1.195
02_orta_spiral,NGC4157,0.7568,ok,0.915,20.87,16.21,13.73,2.929,4.377,2.687,0.2112,2.266,1.016,10.78,0.177,0.00995,1.086
02_orta_spiral,NGC4217,0.3254,ok,0.7726,63.73,50.94,42.07,2.685,3.641,2.504,0.07754,2.258,0.7544,10.75,0.2093,0.01309,0.9775
02_orta_spiral,NGC5005,0.5221,ok,0.9002,27.35,20.21,16.52,3.253,1.985,2.957,0.07993,2.419,0.04202,10.95,0.08544,0.003774,0.9208
02_orta_spiral,NGC5055,0.526,ok,0.8129,30.38,19.23,11.06,3.141,3.525,2.935,0.2338,2.253,1.04,10.98,0.03957,0.009709,1.198
02_orta_spiral,NGC5371,0.1623,ok,0.6811,40.54,18.93,27.19,2.749,3.145,2.471,0.101,2.321,0.606,11.25,0.03136,0.0124,1.094
02_orta_spiral,NGC5985,4.448,ok,1.601,78.27,40.08,31.71,2.461,3.165,2.176,0.1689,2.468,0.7509,11.03,0.1431,0.01311,1.014
02_orta_spiral,NGC6195,0.1496,ok,0.7126,42.78,14.39,9.246,2.837,2.241,2.588,0.1668,2.401,0.4674,11.34,0.06423,0.01938,1.008
02_orta_spiral,NGC6674,1.617,ok,1.208,31.07,20.35,14.94,2.749,3.137,2.57,0.2408,2.383,0.9181,11.15,0.1034,0.0189,1.132
02_orta_spiral,NGC7331,0.9534,ok,0.987,26.94,26.41,25.7,3.393,3.257,3.012,0.1889,2.378,0.7308,11.01,0.07353,0.007782,1.071
03_gec_spiral,F571-8,3.676,ok,1.679,32,38.22,44.44,2.917,1.941,2.691,0.0761,2.145,0.8386,9.781,0.3929,0.06597,0.6049
03_gec_spiral,F583-4,1.032,ok,1.012,3.017,3.142,3.142,1.397,1.921,1.277,0.3057,1.844,0.6065,9.115,0.5967,0.03863,0.6109
03_gec_spiral,NGC0024,5.066,ok,1.711,20.51,7.34,4.816,2.181,3.073,2.174,0.2912,2.027,0.7356,9.578,0.1313,0.025,0.9727
03_gec_spiral,NGC0100,1.752,ok,1.25,8.17,8.841,9.306,1.813,3.077,1.721,0.4011,1.945,0.9937,9.416,0.4033,0.02577,0.6086
03_gec_spiral,NGC0801,0.285,ok,0.6958,33.61,12.66,21.75,2.913,3.193,2.817,0.2505,2.343,0.7126,11.4,0.03276,0.02101,1.042
03_gec_spiral,NGC1003,1.421,ok,1.16,7.347,7.256,7.963,2.149,3.129,2.426,0.7729,2.041,1.316,10.11,0.2057,0.01739,0.8957
03_gec_spiral,NGC2403,1.742,ok,1.226,9.616,7.357,9.329,2.533,3.149,2.637,0.6071,2.118,1.036,10.1,0.172,0.007353,0.903
03_gec_spiral,NGC2976,0.5423,ok,0.8656,8.428,5.257,5.812,2.489,3.177,2.191,0.2808,1.931,0.4786,9.224,0.6256,0.03551,0.3716
03_gec_spiral,NGC2998,0.7781,ok,0.9199,23.04,22.96,23.86,2.681,2.889,2.614,0.3167,2.322,0.8469,11.11,0.06244,0.03037,1.054
03_gec_spiral,NGC3198,1.025,ok,1.009,9.702,9.863,9.914,2.253,3.205,2.297,0.5528,2.176,1.055,10.63,0.1093,0.01274,1.04
03_gec_spiral,NGC3726,0.8142,ok,0.9402,17.12,14.74,14.04,2.297,3.253,2.036,0.2984,2.225,0.8149,10.59,0.2146,0.05917,0.982
03_gec_spiral,NGC3877,0.2519,ok,0.7659,20.59,16.8,15.14,2.777,3.533,2.462,0.06895,2.226,0.6564,10.55,0.3084,0.02047,0.716
03_gec_spiral,NGC3893,1.515,ok,1.136,8.477,5.588,8.445,3.197,3.313,2.939,0.2723,2.241,0.9423,10.51,0.1837,0.02062,1.162
03_gec_spiral,NGC3917,1.345,ok,1.105,7.32,4.402,4.319,2.053,3.089,1.861,0.2476,2.133,0.7286,10.15,0.3526,0.02174,0.7372
03_gec_spiral,NGC4085,0.348,ok,0.8134,20.83,14.59,12.17,2.933,3.701,2.621,0.08577,2.119,0.7894,10.02,0.4371,0.06618,0.5875
03_gec_spiral,NGC4183,0.7571,ok,0.9071,6.804,7.653,7.93,1.937,3.041,1.957,0.5373,2.044,0.7604,10.06,0.2079,0.01739,0.8788
03_gec_spiral,NGC4559,0.5935,ok,0.841,14.1,5.872,5.104,2.325,3.205,2.389,0.5833,2.084,1.003,10.35,0.1874,0.008065,0.8908
03_gec_spiral,NGC5033,1.166,ok,1.063,19.13,19.4,21.71,3.309,2.789,3.177,0.2329,2.288,0.7576,10.91,0.01704,0.008889,1.122
03_gec_spiral,NGC5907,1.031,ok,1.011,23.64,23.47,23.21,2.653,3.937,2.464,0.3999,2.332,nan,11.06,0.09994,0.01064,1.098
03_gec_spiral,NGC6015,1.398,ok,1.134,10.87,6.861,6.772,2.521,3.285,2.431,0.3823,2.188,0.9693,10.42,0.1013,0.01807,0.9803
03_gec_spiral,NGC6503,1.363,ok,1.135,8.569,6.953,7.804,2.889,2.601,2.756,0.377,2.066,0.8132,9.973,0.06468,0.008264,1.009
03_gec_spiral,NGC6946,0.5843,ok,0.8659,18.63,11.35,8.305,2.757,3.349,2.539,0.1417,2.201,0.94,10.58,0.009314,0.01105,1.143
03_gec_spiral,UGC02885,1.413,ok,1.134,21.28,17.96,16.67,2.625,2.673,2.552,0.3848,2.462,0.8137,11.52,0.02295,0.006557,0.9463
03_gec_spiral,UGC06667,3.207,ok,1.642,20.49,10.09,9.964,1.257,2.789,1.298,0.7151,1.923,0.2222,9.184,0.4459,0.06651,0.5274
03_gec_spiral,UGC06983,1.263,ok,1.093,16.17,13.68,13.25,1.729,2.085,1.902,0.7493,2.037,0.6995,9.893,0.2232,0.0177,0.845
03_gec_spiral,UGC07151,0.805,ok,0.9289,3.814,4.167,4.337,1.885,2.985,1.839,0.5019,1.866,0.7086,9.31,0.3636,0.02822,0.7795
03_gec_spiral,UGC08286,2.485,ok,1.43,15.22,6.425,5.925,1.597,3.173,1.776,0.6806,1.916,0.8857,9.279,0.2363,0.0172,0.8256
03_gec_spiral,UGC09037,0.4001,ok,0.7551,29.33,15.35,11.09,2.525,2.925,2.427,0.53,2.183,0.9676,10.74,0.3044,0.025,0.8158
03_gec_spiral,UGC11455,0.7214,ok,0.929,22.61,18.19,17.39,2.757,3.981,2.519,0.1118,2.43,0.8648,11.32,0.2056,0.02405,0.9662
03_gec_spiral,UGC12506,1.981,ok,1.287,41.3,27.11,24.85,2.161,3.749,2.186,0.5377,2.369,0.9029,11.17,0.1476,0.01569,1.062
04_cok_gec_spiral,ESO116-G012,2.412,ok,1.386,12.89,7.649,7.958,1.957,3.121,2.007,0.5407,2.038,0.8024,9.684,0.3732,0.0317,0.7161
04_cok_gec_spiral,F568-3,1.34,ok,1.123,9.296,8.099,8.047,1.377,2.121,1.464,0.6235,2.079,0.5098,10.01,0.5656,0.04667,0.6858
04_cok_gec_spiral,F568-V1,4.348,ok,1.839,30.21,12.73,12.18,1.497,1.957,1.778,0.7297,2.05,0.7029,9.863,0.2439,0.03814,0.8475
04_cok_gec_spiral,F571-V1,1.017,ok,1.007,2.738,2.587,2.572,1.185,1.809,1.455,0.7626,1.922,0.6116,9.536,0.429,0.0688,0.6865
04_cok_gec_spiral,F574-1,1.791,ok,1.262,11.81,6.639,6.565,1.477,2.109,1.404,0.4814,1.99,0.5599,9.739,0.3349,0.02608,0.7513
04_cok_gec_spiral,NGC0247,1.088,ok,1.032,4.969,4.469,4.447,1.529,2.705,1.497,0.5294,2.021,0.534,9.833,0.5179,0.02222,0.6523
04_cok_gec_spiral,NGC0300,2.018,ok,1.333,11.55,4.436,4.201,2.169,2.641,2.122,0.4976,1.97,0.7207,9.416,0.3076,0.0201,0.7572
04_cok_gec_spiral,NGC4010,1.006,ok,1.002,12.35,12.39,12.39,1.169,3.417,1.575,0.2669,2.1,0.7966,10.02,0.5005,0.08062,0.5369
04_cok_gec_spiral,NGC5585,1.145,ok,1.052,9.412,9.981,10.11,1.957,2.473,2.111,0.6438,1.956,0.8535,9.621,0.375,0.02275,0.7192
04_cok_gec_spiral,NGC7793,0.8894,ok,0.9704,6.602,6.361,6.345,2.369,3.029,2.24,0.335,2.064,0.7835,9.719,0.3113,0.02414,0.9075
04_cok_gec_spiral,UGC04278,2.809,ok,1.531,10.66,9.956,10.22,1.533,2.577,1.893,0.7821,1.961,0.605,9.473,0.725,0.03448,0.4364
04_cok_gec_spiral,UGC05721,3.819,ok,1.753,18.54,6.814,6.447,2.369,2.961,2.733,0.7744,1.901,1.249,9.088,0.1736,0.00908,1.034
04_cok_gec_spiral,UGC06446,1.275,ok,1.102,13.03,11.19,11.03,1.569,1.937,2.059,0.8508,1.915,0.8409,9.485,0.3415,0.03298,0.7978
04_cok_gec_spiral,UGC06930,0.7685,ok,0.9047,9.22,10.13,10.76,1.869,2.277,1.923,0.6108,2.03,0.6288,10,0.3155,0.0367,0.7907
04_cok_gec_spiral,UGC07603,2.827,ok,1.538,9.73,2.756,3.578,1.913,2.717,2.002,0.6207,1.79,0.9162,8.659,0.4161,0.02344,0.6547
04_cok_gec_spiral,UGC08550,1.752,ok,1.264,6.903,4.239,3.938,1.657,3.109,2.06,0.8222,1.755,1.094,8.867,0.2743,0.02422,0.8348
05_macellan,F583-1,3.095,ok,1.628,12.74,13.84,13.84,1.049,1.785,1.863,0.9216,1.933,0.8216,9.807,0.3321,0.03913,0.7226
05_macellan,IC2574,0.5313,ok,0.777,8.448,3.61,3.668,1.201,1.905,1.547,0.784,1.822,0.5898,9.35,0.694,0.02963,0.4104
05_macellan,NGC0055,0.4966,ok,0.7763,12.12,3.997,3.5,1.737,2.593,1.817,0.6378,1.932,0.2243,9.745,0.4089,0.02174,0.5792
05_macellan,NGC3109,2.511,ok,1.491,8.042,4.778,4.832,1.057,2.149,1.591,0.858,1.821,0.585,8.819,0.6,0.03195,0.4428
05_macellan,UGC00128,1.013,ok,1.006,12.19,12.05,12.03,1.309,1.949,1.56,0.7121,2.112,0.7206,10.33,0.163,0.02239,0.912
05_macellan,UGC00191,0.9961,ok,1.005,8.833,8.847,8.782,1.701,2.317,1.98,0.7043,1.924,0.8026,9.574,0.2305,0.05874,0.8503
05_macellan,UGC01281,1.417,ok,1.15,4.084,4.546,4.427,1.141,2.133,1.403,0.7567,1.742,0.5088,8.807,0.507,0.04657,0.464
05_macellan,UGC02259,2.392,ok,1.419,20.33,13.35,12.43,1.673,2.237,1.746,0.6205,1.936,0.6526,9.305,0.3747,0.02556,0.79
05_macellan,UGC04325,2.631,ok,1.421,20.31,11.88,11.47,1.613,2.329,1.624,0.5399,1.959,0.5507,9.314,0.3739,0.01618,0.7508
05_macellan,UGC04499,0.7352,ok,0.8952,3.942,2.869,3.18,1.529,2.105,1.765,0.747,1.862,0.7,9.423,0.4438,0.05787,0.607
05_macellan,UGC05716,0.9283,ok,0.9696,8.116,8.478,8.532,1.441,1.957,2.065,0.9019,1.864,0.97,9.393,0.4171,0.04685,0.7369
05_macellan,UGC05750,0.7315,ok,0.8874,11.97,9.072,9.273,0.837,2.097,1.267,0.8064,1.897,0.686,9.954,0.344,0.08999,0.7795
05_macellan,UGC05986,3.46,ok,1.611,19.63,5.696,5.876,1.885,3.237,1.808,0.4295,2.053,0.9956,9.595,0.3326,0.02586,0.7879
05_macellan,UGC06399,1.797,ok,1.252,8.627,2.634,2.34,1.489,2.493,1.484,0.5349,1.929,0.6327,9.358,0.5567,0.07591,0.5274
05_macellan,UGC06818,1.336,ok,1.119,10.1,11.35,11.54,1.749,2.457,1.698,0.5034,1.852,0.6996,9.149,0.6261,0.1062,0.3763
05_macellan,UGC06917,1.73,ok,1.216,12.89,7.677,6.454,1.725,2.417,1.668,0.5531,2.036,0.6619,9.777,0.4174,0.02928,0.6414
05_macellan,UGC07089,0.5523,ok,0.8096,9.965,4.53,4.362,1.573,2.717,1.514,0.4751,1.898,0.6139,9.495,0.5721,0.06068,0.5487
05_macellan,UGC07125,0.09851,ok,0.4412,23.99,4.983,6.075,1.449,2.013,1.822,0.8044,1.814,0.8336,9.807,0.3084,0.03887,0.7473
05_macellan,UGC07261,1.235,ok,1.083,9.813,9.134,8.855,1.593,2.753,1.674,0.6432,1.873,0.9251,9.322,0.2849,0.04336,0.8279
05_macellan,UGC07399,7.607,ok,2.32,31.76,6.813,3.522,2.057,2.133,2.15,0.6498,2.013,0.68,9.156,0.3997,0.02925,0.7896
05_macellan,UGC07524,0.7943,ok,0.9163,4.415,4.837,4.823,1.473,2.029,1.704,0.717,1.9,0.5441,9.617,0.4836,0.01909,0.6025
05_macellan,UGC08490,2.111,ok,1.368,12.89,5.374,4.216,2.097,2.761,2.309,0.7177,1.895,1.066,9.221,0.134,0.007491,1
05_macellan,UGC10310,0.5856,ok,0.8271,8.004,9.654,9.911,1.453,2.201,1.612,0.6861,1.854,0.7261,9.399,0.4276,0.03552,0.7459
05_macellan,UGC11557,0.03934,ok,0.5003,32.72,10.38,10.03,2.029,2.529,1.908,0.3074,1.929,0.7823,9.949,0.4375,0.09529,0.5314
05_macellan,UGC11820,0.5676,ok,0.799,7.923,5.8,6.004,1.305,1.533,2.074,0.8231,1.927,0.7955,9.747,0.5,0.09236,0.7063
05_macellan,UGC12632,0.7143,ok,0.8769,6.955,8.133,8.193,1.117,1.825,1.497,0.798,1.856,0.7166,9.486,0.3996,0.02664,0.7442
05_macellan,UGC12732,0.9844,ok,0.9949,9.335,9.429,9.416,1.429,2.081,2.09,0.8956,1.991,0.9441,9.877,0.4987,0.02959,0.6663
05_macellan,UGCA442,1.468,ok,1.178,3.826,4.152,4.368,0.8808,2.065,1.42,0.8547,1.751,0.5686,8.684,0.4676,0.1003,0.5062
06_duzensiz,CamB,0.01,tavan_alt,0.2765,13.8,3.728,3.398,0.8971,1.821,0.7745,0.3631,1.303,0.4107,7.738,0.8212,0.1022,0.2408
06_duzensiz,D564-8,0.574,ok,0.7851,3.887,1.77,1.674,1.005,1.325,1.181,0.7156,1.398,nan,7.694,0.6645,0.084,0.604
06_duzensiz,D631-7,1.544,ok,1.209,9.1,11.17,11.58,1.321,2.061,1.764,0.835,1.761,nan,8.735,0.5619,0.05299,0.5393
06_duzensiz,DDO064,1.006,ok,1.002,3.049,3.057,3.056,1.241,2.181,1.665,0.8146,1.664,0.704,8.621,0.4966,0.0597,0.3923
06_duzensiz,DDO154,1.067,ok,1.028,1.553,1.662,1.681,1.301,1.853,2.131,0.9389,1.672,1.127,8.555,0.5,0.05394,0.6352
06_duzensiz,DDO161,0.3439,ok,0.6728,14.2,4.72,4.193,1.317,2.229,2.007,0.9042,1.822,0.9426,9.425,0.4697,0.02222,0.6142
06_duzensiz,DDO168,1.078,ok,1.029,6.59,6.925,6.947,1.261,1.965,1.747,0.8479,1.728,0.6249,8.767,0.5,0.1055,0.5615
06_duzensiz,DDO170,0.4054,ok,0.7004,8.731,3.131,3.359,0.9727,1.869,1.539,0.8912,1.778,0.6709,9.3,0.3942,0.04823,0.6817
06_duzensiz,ESO444-G084,4.854,ok,1.991,12.91,3.846,4.846,1.297,1.825,1.857,0.8485,1.8,0.8071,8.405,0.4077,0.08162,0.7624
06_duzensiz,F565-V2,2.213,ok,1.397,10.87,2.955,3.004,0.8407,1.605,1.342,0.8549,1.92,0.5275,9.245,0.5716,0.09507,0.485
06_duzensiz,KK98-251,0.2368,ok,0.593,8.934,2.22,2.381,0.8971,1.717,1.402,0.8486,1.528,0.3353,8.415,0.6038,0.07211,0.3596
06_duzensiz,NGC3741,1.966,ok,1.357,4.882,2.212,2.426,1.633,2.157,2.669,0.964,1.7,1.322,8.478,0.4657,0.03198,0.531
06_duzensiz,NGC4068,0.2234,ok,0.62,9.215,3.39,3.49,1.481,2.417,1.621,0.661,1.622,0.7316,8.51,0.8197,0.1885,0.3126
06_duzensiz,UGC00731,0.7051,ok,0.8731,12.79,13.92,13.83,1.409,1.917,2.44,0.9551,1.865,0.7016,9.531,0.417,0.0473,0.682
06_duzensiz,UGC04483,0.3664,ok,0.6901,3.987,1.014,1.029,1.473,1.917,2.069,0.8625,1.386,0.9091,7.697,0.4711,0.08642,0.4463
06_duzensiz,UGC05005,0.7219,ok,0.8817,9.592,5.842,5.844,1.409,1.817,1.896,0.8124,1.995,0.8295,10.1,0.6281,0.072,0.665
06_duzensiz,UGC05414,0.6552,ok,0.8631,5.329,3.173,3.374,1.517,2.105,1.44,0.5551,1.788,0.6555,8.973,0.6667,0.09446,0.5635
06_duzensiz,UGC05764,1.934,ok,1.306,10.45,7.078,7.071,0.9689,1.529,1.605,0.8906,1.747,0.4771,8.561,0.4006,0.06183,0.6273
06_duzensiz,UGC05829,0.5121,ok,0.7818,6.579,5.385,5.269,1.025,1.801,1.611,0.8843,1.836,0.5971,9.337,0.7279,0.06997,0.4971
06_duzensiz,UGC05918,0.9267,ok,0.9696,3.434,3.597,3.591,0.7292,1.397,0.917,0.7084,1.648,0.5507,8.555,0.5,0.06517,0.6157
06_duzensiz,UGC06923,0.9004,ok,0.9665,4.489,4.124,4.054,2.221,2.541,2.111,0.5094,1.901,0.6709,9.35,0.5562,0.06658,0.4994
06_duzensiz,UGC07559,0.2743,ok,0.6246,7.514,1.756,1.656,1.253,1.741,1.54,0.7608,1.507,0.8118,8.321,0.5731,0.1293,0.4953
06_duzensiz,UGC07577,0.01154,ok,0.2794,11.24,1.476,1.744,1.077,1.737,1.163,0.6023,1.25,0.3617,7.734,0.8935,0.09831,0.3034
06_duzensiz,UGC07690,0.6486,ok,0.8612,5.794,6.416,7.309,2.265,2.597,2.245,0.5889,1.759,0.9845,8.912,0.2857,0.01647,1.07
06_duzensiz,UGC07866,0.3062,ok,0.6523,5.408,1.255,1.364,1.341,1.989,1.461,0.676,1.52,0.7332,8.215,0.7198,0.07402,0.5861
06_duzensiz,UGC08837,0.3119,ok,0.6682,11.15,4.277,4.511,1.197,1.889,1.369,0.6915,1.681,0.4412,8.871,0.75,0.1479,0.3042
S0,NGC4138,1.632,ok,1.17,15.15,8.118,6.274,3.281,3.597,2.771,0.1747,2.168,1.09,10.13,0.1405,0.07692,1.3
S0,UGC02487,5.033,ok,1.794,96.03,51.36,15.89,2.913,3.061,2.456,0.2013,2.521,0.7071,11.22,0.1235,0.01044,1.093
S0,UGC06786,3.028,ok,1.434,27.88,19.52,28.92,2.997,3.033,2.847,0.1292,2.341,0.7514,10.71,0.04758,0.004367,1.043
BCD,NGC1705,4.45,ok,1.921,19.05,5.741,4.595,2.541,2.769,2.592,0.4843,1.857,0.7818,8.771,0.11,0.004098,1.024
BCD,NGC2915,4.377,ok,1.931,24.88,11.65,13.58,2.541,2.497,2.825,0.7837,1.922,1.115,9.072,0.2331,0.02775,0.9595
BCD,PGC51017,0.01,tavan_alt,0.1932,19.04,4.889,6.193,1.177,1.973,1.387,0.6787,1.27,0.9082,8.399,0.09091,0.02927,1.087
BCD,UGCA281,0.6291,ok,0.8426,2.955,1.395,1.39,1.097,1.081,0.6178,0.3917,1.47,0.02692,7.808,0.537,0.1085,0.5051
