Galaksi,N,Q,Inc_deg,Vmax_kms,ONG_evr_rms,ONG_evr_chi2ind,ONG_evr_hataici,ONG_lcdm_rms,ONG_lcdm_chi2ind,ONG_lcdm_hataici,FIT_evr_rms,FIT_evr_chi2ind,FIT_evr_hataici,FIT_evr_Ystar,FIT_lcdm_rms,FIT_lcdm_chi2ind,FIT_lcdm_hataici,FIT_lcdm_Ystar,BAR_rms,ONG_evr_lomega_kpc,ONG_lcdm_M200_Msun,ONG_lcdm_c200,DIS_evr_sapma_yuzde,DIS_lcdm_sapma_yuzde
UGC02885,19,1,64.0,305.0,21.41,4.585,0.37,157.49,248.019,0.05,16.29,2.966,0.79,0.582,12.93,1.868,0.63,0.591,114.83,24.59,6.392e+13,5.47,-5.1,+67.8
UGC11455,36,1,90.0,291.0,13.18,4.146,0.44,90.99,190.348,0.00,14.03,5.436,0.36,0.286,13.44,5.760,0.36,0.403,60.05,19.54,5.277e+13,5.58,+2.9,+40.8
UGC12506,31,2,86.0,255.0,40.38,8.694,0.10,30.81,4.649,0.29,16.65,0.841,0.84,1.328,14.24,0.689,0.84,1.308,116.02,16.37,4.350e+12,7.18,-9.4,+13.0
NGC0801,13,1,80.0,238.0,35.93,86.453,0.00,131.84,1305.492,0.08,12.06,5.658,0.31,0.519,14.08,7.581,0.31,0.520,53.96,21.24,3.332e+13,5.85,+20.5,+84.8
NGC5907,19,1,88.0,235.0,23.43,22.773,0.37,67.33,715.106,0.05,16.01,11.413,0.16,0.716,10.43,6.043,0.21,0.663,86.48,14.37,7.685e+12,6.78,+0.9,+40.8
NGC5033,22,1,66.0,225.0,12.60,10.518,0.32,24.85,45.541,0.23,16.59,8.704,0.23,0.450,23.67,11.642,0.18,0.634,81.80,12.18,2.500e+12,7.59,-1.9,+13.7
NGC2998,13,1,58.0,214.0,32.53,13.763,0.08,46.04,270.294,0.00,21.93,2.527,0.38,0.547,21.50,2.493,0.38,0.604,71.79,15.30,5.274e+12,7.04,+5.7,+27.6
NGC3893,10,1,49.0,194.0,7.80,0.889,0.70,9.51,1.971,0.40,4.27,0.317,0.90,0.451,8.85,1.296,0.60,0.507,58.42,7.65,8.009e+11,8.52,-5.1,-3.0
NGC6946,58,1,38.0,181.0,14.71,27.850,0.19,15.42,15.100,0.02,4.95,1.669,0.64,0.315,7.51,1.980,0.59,0.442,42.15,8.35,9.486e+11,8.37,+8.6,+9.9
NGC3877,13,2,76.0,171.0,20.90,12.322,0.15,21.41,10.542,0.15,11.95,3.971,0.31,0.207,16.87,6.095,0.31,0.420,33.84,7.98,1.093e+12,8.26,+14.3,+12.2
NGC3726,12,2,53.0,169.0,17.67,12.756,0.33,25.95,24.096,0.00,13.31,3.268,0.33,0.432,9.82,2.787,0.33,0.336,50.40,8.37,1.038e+12,8.30,+7.1,+15.9
NGC6015,44,2,60.0,166.0,11.88,25.757,0.27,14.66,48.063,0.09,7.34,6.672,0.27,0.619,7.97,8.637,0.25,0.770,65.62,6.88,4.398e+11,9.05,-5.5,-7.1
UGC09037,22,2,65.0,160.0,30.16,31.714,0.00,37.40,46.564,0.00,7.28,0.695,0.82,0.203,8.00,1.056,0.82,0.050,38.69,9.94,1.001e+12,8.33,+16.3,+21.1
NGC3198,43,1,73.0,157.0,8.57,3.813,0.30,8.33,1.804,0.60,9.65,3.313,0.35,0.517,8.71,1.456,0.60,0.536,56.10,8.78,5.094e+11,8.92,+0.9,-0.1
F571-8,13,1,85.0,144.0,28.58,41.905,0.08,25.09,33.270,0.08,19.74,25.089,0.23,0.050,7.08,2.459,0.46,0.050,55.62,3.31,2.146e+11,9.73,-20.6,-18.1
NGC3917,17,1,79.0,138.0,6.79,2.812,0.18,8.94,5.114,0.12,4.33,1.261,0.82,0.608,8.11,4.731,0.76,0.583,50.97,5.06,3.350e+11,9.30,-4.1,-3.6
NGC2403,73,1,63.0,136.0,9.49,33.445,0.08,12.12,54.812,0.18,3.77,6.936,0.42,0.347,3.46,5.360,0.47,0.543,50.70,4.80,2.132e+11,9.74,-9.1,-12.4
NGC4085,7,2,82.0,136.0,18.95,10.918,0.00,18.42,8.096,0.29,6.62,1.765,0.71,0.148,9.73,3.223,0.43,0.104,21.94,4.37,3.326e+11,9.31,+10.4,+4.0
NGC4559,32,1,67.0,124.0,14.83,8.095,0.03,11.09,4.617,0.00,4.30,0.657,0.81,0.397,2.61,0.236,0.97,0.325,39.98,6.39,3.093e+11,9.38,+11.4,+7.9
NGC6503,31,1,74.0,121.0,7.61,18.753,0.13,4.24,4.081,0.48,6.38,3.428,0.39,0.375,3.91,2.990,0.39,0.547,56.83,4.13,2.433e+11,9.61,-5.4,+0.2
NGC1003,36,1,67.0,115.0,7.02,6.394,0.22,7.31,9.425,0.28,5.85,5.461,0.28,0.365,4.63,5.550,0.47,0.060,57.06,4.81,1.753e+11,9.93,-6.5,-4.0
NGC4183,23,1,82.0,115.0,6.97,1.475,0.39,4.48,0.765,0.61,3.81,0.362,0.91,0.981,2.60,0.172,1.00,0.739,48.41,4.54,2.220e+11,9.70,+5.5,+5.2
UGC06983,17,1,49.0,113.0,15.75,11.375,0.29,8.96,3.557,0.29,3.28,0.265,0.94,1.240,5.06,0.666,0.94,0.817,54.54,3.77,1.552e+11,10.05,-5.9,-5.7
NGC0024,29,1,64.0,110.0,20.13,10.429,0.14,21.95,10.203,0.14,3.99,0.560,0.90,1.001,4.36,0.491,0.83,1.423,47.18,2.62,1.343e+11,10.20,-21.9,-22.8
NGC0100,21,1,89.0,91.2,8.00,2.808,0.48,8.41,3.842,0.52,4.00,0.875,0.81,0.081,5.54,1.593,0.67,0.050,37.32,2.18,1.233e+11,10.29,-8.8,+2.0
NGC2976,27,2,61.0,88.7,8.69,8.433,0.11,5.81,3.420,0.41,3.41,0.805,0.74,0.931,3.57,0.901,0.70,0.924,14.26,1.74,1.257e+11,10.27,+8.5,-0.4
UGC06667,9,1,89.0,85.7,20.14,36.555,0.00,7.44,4.825,0.22,6.74,3.854,0.33,2.000,4.60,1.960,0.67,2.000,48.79,1.67,8.484e+10,10.69,-21.6,-9.9
UGC08286,17,1,90.0,84.3,14.83,48.956,0.00,8.57,16.319,0.06,2.21,1.004,0.59,1.348,3.25,1.781,0.82,1.424,44.68,1.86,8.095e+10,10.74,-15.1,-7.9
UGC07151,11,1,90.0,76.2,3.89,2.539,0.45,5.56,4.388,0.18,2.05,0.664,0.91,0.946,3.40,2.647,0.64,0.690,27.22,1.93,1.054e+11,10.46,+4.0,+8.6
F583-4,12,1,55.0,69.9,3.17,0.388,0.83,11.83,6.312,0.00,2.23,0.275,0.92,0.183,3.56,0.612,0.83,0.050,28.26,1.54,9.284e+10,10.59,+0.7,+18.8
