Galaksi,Sinif,B_rms,P_rms,B_sap,P_sap,k_B,k_P,W_Rdis
NGC7814,Sa-Sab,23.425,21.993,-12.065,-11.726,2.289,2.289,1.000
UGC02916,Sa-Sab,40.010,24.005,10.218,7.882,0.449,0.716,1.000
UGC02953,Sa-Sab,30.380,36.637,-9.244,-12.402,1.965,2.182,1.000
UGC03205,Sa-Sab,15.413,27.177,-3.297,-3.476,1.272,1.274,1.000
UGC03546,Sa-Sab,35.899,28.733,0.216,0.129,0.994,1.029,1.000
UGC03580,Sa-Sab,32.009,23.565,10.211,10.571,0.538,0.610,1.000
UGC05253,Sa-Sab,26.164,16.277,3.440,-3.455,0.754,1.304,1.000
UGC06614,Sa-Sab,25.364,25.787,-0.612,-0.149,1.047,1.047,1.000
UGC06787,Sa-Sab,35.302,32.738,-14.091,-16.015,2.711,2.711,1.000
UGC08699,Sa-Sab,17.648,14.884,-6.406,-6.052,1.573,1.573,1.000
UGC09133,Sa-Sab,24.373,19.639,2.278,2.426,0.886,0.913,1.000
UGC11914,Sa-Sab,15.505,42.607,-4.610,-15.247,1.745,2.752,0.749
ESO079-G014,Sb-Sbc,14.847,14.617,-9.706,-9.336,1.887,1.887,1.000
ESO563-G021,Sb-Sbc,45.773,46.915,-15.331,-15.009,2.877,2.877,1.000
IC4202,Sb-Sbc,27.699,24.388,-1.012,-0.666,1.091,1.091,1.000
NGC0289,Sb-Sbc,15.186,15.757,7.542,8.105,0.694,0.694,1.000
NGC0891,Sb-Sbc,40.115,25.716,6.500,6.421,0.576,0.721,1.000
NGC1090,Sb-Sbc,15.671,13.652,9.126,9.621,0.594,0.594,1.000
NGC2683,Sb-Sbc,11.260,11.122,0.689,1.162,0.973,0.973,1.000
NGC2841,Sb-Sbc,67.030,66.372,-23.397,-23.078,4.561,4.561,1.000
NGC2903,Sb-Sbc,29.022,22.829,-2.932,-2.530,1.219,1.219,1.000
NGC2955,Sb-Sbc,34.438,17.897,9.990,6.478,0.418,0.720,1.000
NGC3521,Sb-Sbc,12.924,10.816,3.082,-3.694,0.726,1.298,1.000
NGC3769,Sb-Sbc,7.526,7.780,2.252,2.779,0.901,0.901,1.000
NGC3949,Sb-Sbc,10.355,9.644,0.000,0.280,1.011,1.011,1.000
NGC3953,Sb-Sbc,15.800,15.743,1.432,1.721,0.884,0.884,1.000
NGC3972,Sb-Sbc,8.889,8.526,-7.314,-6.953,1.654,1.654,1.000
NGC3992,Sb-Sbc,45.155,44.649,-11.556,-11.181,2.082,2.082,1.000
NGC4013,Sb-Sbc,21.090,20.665,-15.069,-14.730,2.719,2.719,1.000
NGC4051,Sb-Sbc,22.005,22.481,20.137,20.529,0.144,0.336,1.000
NGC4088,Sb-Sbc,41.378,38.688,22.891,23.344,0.157,0.295,1.000
NGC4100,Sb-Sbc,15.377,14.951,-5.049,-4.646,1.385,1.385,1.000
NGC4157,Sb-Sbc,21.090,19.099,5.286,5.740,0.730,0.730,1.000
NGC4217,Sb-Sbc,63.918,47.887,14.129,14.391,0.322,0.499,1.000
NGC5005,Sb-Sbc,27.526,12.622,5.562,-4.377,0.517,1.323,0.808
NGC5055,Sb-Sbc,30.644,21.206,11.393,11.914,0.532,0.532,1.000
NGC5371,Sb-Sbc,40.863,42.366,22.321,22.806,0.202,0.276,1.000
NGC5985,Sb-Sbc,78.015,77.395,-20.949,-20.663,4.451,4.451,1.000
NGC6195,Sb-Sbc,43.092,31.502,17.581,16.426,0.187,0.448,1.000
NGC6674,Sb-Sbc,30.761,31.196,-8.149,-7.686,1.562,1.562,1.000
NGC7331,Sb-Sbc,27.071,21.215,1.064,1.432,0.936,0.936,1.000
F571-8,Sc-Scd,31.978,28.584,-20.930,-20.552,3.387,3.387,1.000
F583-4,Sc-Scd,3.057,3.170,0.163,0.681,1.003,1.003,1.000
NGC0024,Sc-Scd,20.398,20.128,-22.274,-21.947,4.184,4.184,1.000
NGC0100,Sc-Scd,8.118,8.003,-9.283,-8.824,1.659,1.659,1.000
NGC0801,Sc-Scd,33.948,35.926,19.985,20.519,0.301,0.343,1.000
NGC1003,Sc-Scd,7.247,7.024,-7.010,-6.489,1.419,1.419,1.000
NGC2403,Sc-Scd,9.483,9.485,-9.547,-9.126,1.752,1.752,1.000
NGC2976,Sc-Scd,8.506,8.695,8.156,8.524,0.520,0.709,1.000
NGC2998,Sc-Scd,23.092,32.531,5.219,5.684,0.739,0.739,1.000
NGC3198,Sc-Scd,9.771,8.567,0.392,0.874,0.989,0.989,1.000
NGC3726,Sc-Scd,17.279,17.674,6.591,7.054,0.676,0.676,1.000
NGC3877,Sc-Scd,20.723,20.903,13.958,14.306,0.254,0.484,1.000
NGC3893,Sc-Scd,8.287,7.803,-5.469,-5.092,1.451,1.451,1.000
NGC3917,Sc-Scd,7.163,6.792,-4.528,-4.117,1.336,1.336,1.000
NGC4085,Sc-Scd,20.937,18.947,10.077,10.412,0.388,0.555,1.000
NGC4183,Sc-Scd,6.845,6.967,4.947,5.476,0.781,0.781,1.000
NGC4559,Sc-Scd,14.309,14.827,10.888,11.414,0.553,0.553,1.000
NGC5033,Sc-Scd,19.111,12.600,-2.410,-1.945,1.156,1.156,1.000
NGC5907,Sc-Scd,23.575,23.433,0.420,0.878,0.987,0.987,1.000
NGC6015,Sc-Scd,10.682,11.875,-5.947,-5.495,1.406,1.406,1.000
NGC6503,Sc-Scd,8.445,7.613,-5.948,-5.450,1.368,1.368,1.000
NGC6946,Sc-Scd,18.838,14.708,8.162,8.598,0.586,0.586,1.000
UGC02885,Sc-Scd,21.034,21.414,-5.526,-5.096,1.396,1.396,1.000
UGC06667,Sc-Scd,20.388,20.140,-22.012,-21.595,3.263,3.263,1.000
UGC06983,Sc-Scd,16.048,15.751,-6.368,-5.900,1.423,1.423,1.000
UGC07151,Sc-Scd,3.831,3.888,3.478,3.952,0.827,0.827,1.000
UGC08286,Sc-Scd,15.105,14.830,-15.546,-15.113,2.331,2.331,1.000
UGC09037,Sc-Scd,29.575,30.159,15.832,16.336,0.379,0.379,1.000
UGC11455,Sc-Scd,22.822,13.181,3.800,2.882,0.745,0.877,1.000
UGC12506,Sc-Scd,41.028,40.376,-9.833,-9.413,1.778,1.778,1.000
ESO116-G012,Sd,12.760,12.456,-14.931,-14.528,2.381,2.381,1.000
F568-3,Sd,9.218,9.040,-7.280,-6.811,1.489,1.489,1.000
F568-V1,Sd,30.071,29.743,-25.381,-24.996,4.127,4.127,1.000
F571-V1,Sd,2.640,2.426,-0.524,0.009,1.038,1.038,1.000
F574-1,Sd,11.685,11.376,-10.027,-9.568,1.722,1.722,1.000
NGC0247,Sd,4.887,4.710,-1.435,-0.948,1.092,1.092,1.000
NGC0300,Sd,11.416,11.091,-11.968,-11.515,1.907,1.907,1.000
NGC4010,Sd,12.419,12.593,-1.069,-0.663,1.083,1.083,1.000
NGC5585,Sd,9.447,9.451,-2.665,-2.193,1.170,1.170,1.000
NGC7793,Sd,6.638,6.161,1.288,1.663,0.922,0.922,1.000
UGC04278,Sd,10.589,10.414,-17.737,-17.318,2.655,2.655,1.000
UGC05721,Sd,18.441,18.223,-24.299,-23.909,3.873,3.873,1.000
UGC06446,Sd,12.939,12.724,-5.456,-4.966,1.341,1.341,1.000
UGC06930,Sd,9.226,9.256,4.442,4.950,0.795,0.795,1.000
UGC07603,Sd,9.643,9.432,-19.018,-18.604,2.854,2.854,1.000
UGC08550,Sd,6.828,6.648,-8.688,-8.196,1.566,1.566,1.000
F583-1,Sdm-Sm,12.689,12.559,-15.860,-15.402,2.278,2.278,1.000
IC2574,Sdm-Sm,8.560,8.832,14.585,15.205,0.508,0.508,1.000
NGC0055,Sdm-Sm,12.281,12.680,13.721,14.285,0.492,0.492,1.000
NGC3109,Sdm-Sm,7.960,7.762,-17.239,-16.782,2.432,2.432,1.000
UGC00128,Sdm-Sm,12.068,11.799,0.352,0.923,0.995,0.995,1.000
UGC00191,Sdm-Sm,8.796,8.711,-4.688,-4.218,1.303,1.303,1.000
UGC01281,Sdm-Sm,3.989,3.964,-5.692,-5.197,1.352,1.352,1.000
UGC02259,Sdm-Sm,20.228,19.990,-15.957,-15.536,2.425,2.425,1.000
UGC04325,Sdm-Sm,20.211,19.968,-15.945,-15.568,2.627,2.627,1.000
UGC04499,Sdm-Sm,4.035,4.269,6.419,6.948,0.721,0.721,1.000
UGC05716,Sdm-Sm,8.070,7.966,0.562,1.112,0.984,0.984,1.000
UGC05750,Sdm-Sm,12.088,12.373,11.988,12.585,0.567,0.567,1.000
UGC05986,Sdm-Sm,19.487,19.139,-20.160,-19.783,3.261,3.261,1.000
UGC06399,Sdm-Sm,8.506,8.214,-11.066,-10.629,1.860,1.860,1.000
UGC06818,Sdm-Sm,10.132,10.210,-5.002,-4.526,1.320,1.320,1.000
UGC06917,Sdm-Sm,12.770,12.470,-8.770,-8.350,1.682,1.682,1.000
UGC07089,Sdm-Sm,10.095,10.413,11.771,12.319,0.540,0.540,1.000
UGC07125,Sdm-Sm,24.163,24.584,48.390,49.185,0.107,0.107,1.000
UGC07261,Sdm-Sm,9.766,9.659,-2.936,-2.462,1.186,1.186,1.000
UGC07399,Sdm-Sm,31.646,31.375,-34.105,-33.778,7.582,7.582,1.000
UGC07524,Sdm-Sm,4.441,4.520,3.021,3.548,0.865,0.865,1.000
UGC08490,Sdm-Sm,12.772,12.480,-14.200,-13.735,2.091,2.091,1.000
UGC10310,Sdm-Sm,8.010,8.032,8.372,8.904,0.647,0.647,1.000
UGC11557,Sdm-Sm,32.873,33.246,40.131,40.714,0.049,0.138,1.000
UGC11820,Sdm-Sm,8.021,8.262,11.757,12.369,0.582,0.582,1.000
UGC12632,Sdm-Sm,6.950,6.948,4.893,5.447,0.793,0.793,1.000
UGC12732,Sdm-Sm,9.271,9.127,-0.677,-0.147,1.046,1.046,1.000
UGCA442,Sdm-Sm,3.786,3.701,-7.119,-6.611,1.437,1.437,1.000
CamB,Im,13.851,13.979,88.817,89.805,0.008,0.028,1.000
D564-8,Im,3.939,4.065,14.333,15.003,0.546,0.546,1.000
D631-7,Im,9.129,9.203,-5.768,-5.244,1.337,1.337,1.000
DDO064,Im,3.065,3.109,-0.051,0.441,1.014,1.014,1.000
DDO154,Im,1.559,1.594,-0.935,-0.377,1.057,1.057,1.000
DDO161,Im,14.333,14.664,21.606,22.262,0.368,0.368,1.000
DDO168,Im,6.635,6.750,-0.349,0.156,1.030,1.030,1.000
DDO170,Im,8.863,9.183,19.415,20.073,0.416,0.416,1.000
ESO444-G084,Im,12.835,12.642,-27.439,-27.046,4.461,4.461,1.000
F565-V2,Im,10.751,10.472,-15.767,-15.312,2.278,2.278,1.000
KK98-251,Im,9.004,9.171,32.060,32.749,0.213,0.213,1.000
NGC3741,Im,4.810,4.636,-13.955,-13.452,1.973,1.973,1.000
NGC4068,Im,9.283,9.448,25.311,25.915,0.254,0.254,1.000
UGC00731,Im,12.772,12.737,5.191,5.750,0.783,0.783,1.000
UGC04483,Im,4.034,4.150,20.552,21.175,0.365,0.365,1.000
UGC05005,Im,9.749,10.135,8.175,8.769,0.688,0.688,1.000
UGC05414,Im,5.411,5.610,8.059,8.573,0.647,0.647,1.000
UGC05764,Im,10.384,10.229,-11.494,-11.032,1.843,1.843,1.000
UGC05829,Im,6.654,6.840,12.879,13.456,0.526,0.526,1.000
UGC05918,Im,3.417,3.383,2.616,3.178,0.892,0.892,1.000
UGC06923,Im,4.543,4.684,1.220,1.658,0.938,0.938,1.000
UGC07559,Im,7.581,7.743,26.783,27.443,0.273,0.273,1.000
UGC07577,Im,11.290,11.412,88.140,89.154,0.014,0.028,1.000
UGC07690,Im,5.808,5.847,7.761,8.270,0.656,0.656,1.000
UGC07866,Im,5.472,5.628,23.734,24.376,0.315,0.315,1.000
UGC08837,Im,11.241,11.452,26.203,26.831,0.258,0.258,1.000
