Galaksi,Sinif,B_rms,D_rms,M_rms,B_sap,D_sap,M_sap
NGC7814,Sa-Sab,23.59,22.90,20.32,-12.20,-10.07,-10.88
UGC02916,Sa-Sab,39.80,39.30,28.13,10.06,11.04,7.85
UGC02953,Sa-Sab,30.51,28.66,30.74,-9.38,-8.35,-10.15
UGC03205,Sa-Sab,15.58,14.95,21.72,-3.45,-2.02,-3.40
UGC03546,Sa-Sab,35.85,45.29,29.63,0.08,6.43,4.31
UGC03580,Sa-Sab,31.90,31.55,26.03,10.02,11.17,12.44
UGC05253,Sa-Sab,26.03,24.27,15.26,3.30,3.96,-0.25
UGC06614,Sa-Sab,25.20,35.25,29.66,-0.80,3.50,7.06
UGC06787,Sa-Sab,35.41,34.02,29.82,-14.22,-13.31,-14.91
UGC08699,Sa-Sab,17.71,16.67,13.60,-6.55,-4.62,-5.79
UGC09133,Sa-Sab,24.22,23.61,21.18,2.08,3.28,5.88
UGC11914,Sa-Sab,15.68,14.68,34.98,-4.69,-3.38,-11.29
ESO079-G014,Sb-Sbc,14.95,12.04,11.59,-9.86,-7.56,-7.28
ESO563-G021,Sb-Sbc,46.06,41.34,45.77,-15.46,-13.08,-13.92
IC4202,Sb-Sbc,27.68,29.22,25.62,-1.16,1.74,-0.70
NGC0289,Sb-Sbc,14.97,17.68,23.45,7.31,9.67,16.15
NGC0891,Sb-Sbc,39.94,45.32,29.29,6.36,9.43,5.29
NGC1090,Sb-Sbc,15.44,17.40,18.29,8.92,10.59,13.11
NGC2683,Sb-Sbc,11.33,11.28,14.21,0.49,7.21,11.52
NGC2841,Sb-Sbc,67.30,47.30,55.51,-23.53,-17.81,-16.37
NGC2903,Sb-Sbc,28.99,31.38,23.58,-3.10,-1.74,-1.47
NGC2955,Sb-Sbc,34.17,35.31,20.77,9.84,11.36,6.84
NGC3521,Sb-Sbc,12.82,16.61,7.26,2.97,5.60,-0.99
NGC3769,Sb-Sbc,7.43,15.17,15.47,2.03,6.30,12.51
NGC3949,Sb-Sbc,10.28,19.39,9.52,-0.11,5.87,1.03
NGC3953,Sb-Sbc,15.83,14.06,10.50,1.31,8.65,4.31
NGC3972,Sb-Sbc,9.04,7.09,7.00,-7.46,-3.15,-3.30
NGC3992,Sb-Sbc,45.37,15.58,19.66,-11.71,-3.38,-1.02
NGC4013,Sb-Sbc,21.27,17.00,13.49,-15.21,0.51,3.60
NGC4051,Sb-Sbc,21.81,30.40,24.14,19.97,25.48,21.73
NGC4088,Sb-Sbc,41.13,49.00,40.44,22.70,26.13,24.17
NGC4100,Sb-Sbc,15.56,7.27,10.54,-5.22,-0.40,1.20
NGC4157,Sb-Sbc,20.87,28.61,22.00,5.10,7.60,9.04
NGC4217,Sb-Sbc,63.73,66.37,52.35,13.96,15.69,12.60
NGC5005,Sb-Sbc,27.35,28.88,10.87,5.46,7.04,-0.78
NGC5055,Sb-Sbc,30.38,34.46,27.64,11.18,12.60,15.93
NGC5371,Sb-Sbc,40.54,46.64,44.11,22.12,25.93,25.75
NGC5985,Sb-Sbc,78.27,64.66,70.77,-21.07,-16.47,-17.38
NGC6195,Sb-Sbc,42.78,48.84,33.31,17.43,20.39,15.84
NGC6674,Sb-Sbc,31.07,24.30,26.56,-8.34,-6.95,-2.43
NGC7331,Sb-Sbc,26.94,41.53,25.91,0.91,7.59,6.76
F571-8,Sc-Scd,32.00,31.88,27.94,-21.09,-21.49,-19.03
F583-4,Sc-Scd,3.02,2.59,5.33,-0.05,3.30,9.26
NGC0024,Sc-Scd,20.51,20.68,20.93,-22.41,-21.89,-21.49
NGC0100,Sc-Scd,8.17,6.91,6.00,-9.47,-6.99,-2.20
NGC0801,Sc-Scd,33.61,33.90,35.00,19.76,19.39,21.10
NGC1003,Sc-Scd,7.35,8.15,8.10,-7.22,-5.70,1.58
NGC2403,Sc-Scd,9.62,9.12,6.41,-9.72,-8.68,-6.10
NGC2976,Sc-Scd,8.43,6.70,5.42,8.00,8.65,4.81
NGC2998,Sc-Scd,23.04,23.21,27.71,5.03,4.85,6.22
NGC3198,Sc-Scd,9.70,9.99,10.91,0.19,1.86,5.66
NGC3726,Sc-Scd,17.12,28.17,25.49,6.40,12.01,14.40
NGC3877,Sc-Scd,20.59,28.20,23.02,13.81,18.74,13.99
NGC3893,Sc-Scd,8.48,10.71,6.69,-5.62,-1.56,-1.37
NGC3917,Sc-Scd,7.32,6.48,6.69,-4.70,-0.50,1.20
NGC4085,Sc-Scd,20.83,28.43,22.09,9.94,15.01,10.45
NGC4183,Sc-Scd,6.80,6.93,10.27,4.73,6.81,12.03
NGC4559,Sc-Scd,14.10,16.98,18.62,10.67,12.42,16.19
NGC5033,Sc-Scd,19.13,20.97,14.09,-2.60,-2.33,0.77
NGC5907,Sc-Scd,23.64,13.94,18.86,0.23,4.71,7.79
NGC6015,Sc-Scd,10.87,10.76,11.30,-6.13,-5.15,-1.74
NGC6503,Sc-Scd,8.57,7.08,3.99,-6.15,-4.64,1.21
NGC6946,Sc-Scd,18.63,22.19,16.45,7.98,10.43,10.35
UGC02885,Sc-Scd,21.28,13.63,16.84,-5.70,-3.71,-1.33
UGC06667,Sc-Scd,20.49,19.92,16.74,-22.18,-21.82,-16.90
UGC06983,Sc-Scd,16.17,10.77,9.23,-6.56,-3.39,1.32
UGC07151,Sc-Scd,3.81,4.34,5.53,3.28,6.17,9.08
UGC08286,Sc-Scd,15.22,13.64,11.21,-15.73,-14.12,-9.51
UGC09037,Sc-Scd,29.33,38.72,37.53,15.62,19.78,21.92
UGC11455,Sc-Scd,22.61,24.68,15.23,3.66,6.42,3.21
UGC12506,Sc-Scd,41.30,38.36,38.68,-10.01,-7.95,-5.12
ESO116-G012,Sd,12.89,11.23,9.24,-15.10,-13.58,-10.73
F568-3,Sd,9.30,8.81,7.99,-7.47,-6.06,-1.45
F568-V1,Sd,30.21,29.04,25.83,-25.54,-23.70,-19.44
F571-V1,Sd,2.74,3.44,6.31,-0.74,1.44,8.09
F574-1,Sd,11.81,11.22,8.83,-10.22,-8.03,-3.16
NGC0247,Sd,4.97,3.82,5.40,-1.64,1.27,5.86
NGC0300,Sd,11.55,8.72,5.66,-12.15,-9.41,-4.34
NGC4010,Sd,12.35,12.27,11.46,-1.24,2.10,2.67
NGC5585,Sd,9.41,8.37,8.22,-2.86,-1.16,2.70
NGC7793,Sd,6.60,6.44,5.98,1.13,3.34,1.60
UGC04278,Sd,10.66,9.61,7.64,-17.91,-16.43,-12.11
UGC05721,Sd,18.54,18.20,16.80,-24.46,-24.34,-20.41
UGC06446,Sd,13.03,11.11,9.32,-5.66,-4.64,0.60
UGC06930,Sd,9.22,7.60,10.52,4.23,7.75,12.37
UGC07603,Sd,9.73,8.78,6.86,-19.19,-17.39,-13.02
UGC08550,Sd,6.90,5.16,3.47,-8.89,-7.80,-1.72
F583-1,Sdm-Sm,12.74,11.83,10.32,-16.05,-14.31,-8.34
IC2574,Sdm-Sm,8.45,9.74,13.49,14.33,17.82,25.97
NGC0055,Sdm-Sm,12.12,14.14,17.39,13.49,16.29,21.63
NGC3109,Sdm-Sm,8.04,7.54,5.06,-17.43,-16.44,-10.36
UGC00128,Sdm-Sm,12.19,11.06,11.72,0.12,0.83,8.96
UGC00191,Sdm-Sm,8.83,7.16,7.32,-4.88,-3.89,0.17
UGC01281,Sdm-Sm,4.00,2.54,2.65,-5.90,-4.83,0.76
UGC02259,Sdm-Sm,20.33,16.03,13.74,-16.13,-13.39,-9.07
UGC04325,Sdm-Sm,20.31,17.79,16.55,-16.10,-13.18,-11.06
UGC04499,Sdm-Sm,3.94,6.42,8.90,6.20,8.91,13.98
UGC05716,Sdm-Sm,8.12,5.08,5.60,0.33,1.15,8.21
UGC05750,Sdm-Sm,11.97,11.49,15.40,11.74,14.67,22.11
UGC05986,Sdm-Sm,19.63,17.07,15.24,-20.32,-18.00,-15.11
UGC06399,Sdm-Sm,8.63,6.23,4.07,-11.25,-7.76,-3.57
UGC06818,Sdm-Sm,10.10,12.41,13.59,-5.20,-0.92,4.20
UGC06917,Sdm-Sm,12.89,6.31,4.71,-8.94,-3.99,-0.80
UGC07089,Sdm-Sm,9.96,12.20,15.01,11.54,15.37,20.54
UGC07125,Sdm-Sm,23.99,25.69,30.68,48.06,49.99,59.64
UGC07261,Sdm-Sm,9.81,4.26,4.61,-3.13,0.08,4.44
UGC07399,Sdm-Sm,31.76,29.56,27.37,-34.24,-32.59,-29.50
UGC07524,Sdm-Sm,4.41,5.36,7.35,2.80,5.14,10.74
UGC08490,Sdm-Sm,12.89,11.39,8.88,-14.39,-13.59,-7.84
UGC10310,Sdm-Sm,8.00,6.26,7.97,8.15,11.22,16.11
UGC11557,Sdm-Sm,32.72,33.97,34.19,39.89,44.05,45.07
UGC11820,Sdm-Sm,7.92,6.32,9.20,11.50,7.63,14.54
UGC12632,Sdm-Sm,6.96,6.09,7.65,4.66,6.84,13.40
UGC12732,Sdm-Sm,9.33,6.91,6.81,-0.90,0.26,6.60
UGCA442,Sdm-Sm,3.83,3.66,3.45,-7.33,-6.74,-0.25
CamB,Im,13.80,14.15,15.60,88.41,93.78,105.43
D564-8,Im,3.89,5.15,7.16,14.06,17.72,28.50
D631-7,Im,9.10,9.65,10.48,-5.98,-5.34,1.69
DDO064,Im,3.05,2.70,3.52,-0.25,1.11,5.38
DDO154,Im,1.55,2.81,4.43,-1.17,-0.81,6.88
DDO161,Im,14.20,14.88,18.51,21.33,21.82,29.79
DDO168,Im,6.59,6.81,7.82,-0.56,0.61,5.55
DDO170,Im,8.73,10.02,14.34,19.14,20.68,29.43
ESO444-G084,Im,12.91,12.72,10.54,-27.60,-27.52,-22.78
F565-V2,Im,10.87,10.13,6.94,-15.96,-14.53,-8.78
KK98-251,Im,8.93,8.95,10.85,31.78,32.68,40.12
NGC3741,Im,4.88,4.83,2.72,-14.16,-13.83,-6.19
NGC4068,Im,9.22,9.96,11.34,25.06,27.38,32.15
UGC00731,Im,12.79,11.60,11.45,4.96,5.46,11.93
UGC04483,Im,3.99,4.09,5.26,20.29,20.74,27.18
UGC05005,Im,9.59,10.47,15.28,7.93,8.51,16.17
UGC05414,Im,5.33,6.52,8.18,7.85,10.38,14.27
UGC05764,Im,10.45,10.09,8.50,-11.69,-11.24,-6.23
UGC05829,Im,6.58,6.32,8.56,12.64,13.67,19.47
UGC05918,Im,3.43,3.35,4.33,2.38,4.88,12.38
UGC06923,Im,4.49,8.95,8.95,1.04,5.06,6.93
UGC07559,Im,7.51,8.64,10.46,26.51,29.21,36.64
UGC07577,Im,11.24,11.53,13.11,87.72,93.04,106.13
UGC07690,Im,5.79,4.68,6.18,7.55,11.34,15.32
UGC07866,Im,5.41,6.30,8.08,23.47,26.18,33.37
UGC08837,Im,11.15,12.39,14.59,25.94,29.53,35.65
