Sinif_klasor,Sinif,Galaksi,DIS_sapma_yuzde,F4_payi,carpan_NAIF_geri_cekilen,carpan_DOGRU_sayisal,carpan_okunabilir,g_bar_dis_nokta_ms2,g_bar_medyan_ms2
01_erken_spiral,Sa–Sab,NGC7814,-11.7,0.591,1.6450,2.2049,evet,1.874e-11,6.845e-11
01_erken_spiral,Sa–Sab,UGC02916,7.9,0.487,0.7378,0.6898,evet,1.219e-11,1.528e-10
01_erken_spiral,Sa–Sab,UGC02953,-12.4,0.587,1.6982,2.1021,evet,5.422e-12,2.993e-10
01_erken_spiral,Sa–Sab,UGC03205,-3.5,0.569,1.1532,1.2273,evet,6.887e-12,1.187e-10
01_erken_spiral,Sa–Sab,UGC03546,0.1,0.523,0.9960,0.9913,evet,1.022e-11,2.622e-10
01_erken_spiral,Sa–Sab,UGC03580,10.6,0.675,0.6683,0.5873,evet,2.875e-12,9.461e-11
01_erken_spiral,Sa–Sab,UGC05253,-3.5,0.303,1.1532,1.2565,evet,6.464e-12,3.628e-10
01_erken_spiral,Sa–Sab,UGC06614,-0.1,0.710,1.0040,1.0085,evet,4.448e-12,4.357e-11
01_erken_spiral,Sa–Sab,UGC06787,-16.0,0.583,2.0086,2.6119,evet,7.115e-12,1.612e-10
01_erken_spiral,Sa–Sab,UGC08699,-6.1,0.529,1.2863,1.5156,evet,7.730e-12,6.829e-11
01_erken_spiral,Sa–Sab,UGC09133,2.4,0.735,0.9095,0.8799,evet,2.683e-12,1.227e-10
01_erken_spiral,Sa–Sab,UGC11914,-15.2,0.123,1.9338,2.6514,HAYIR,1.217e-10,4.924e-10
02_orta_spiral,Sb–Sbc,ESO079-G014,-9.3,0.626,1.4776,1.8177,evet,1.819e-11,2.739e-11
02_orta_spiral,Sb–Sbc,ESO563-G021,-15.0,0.585,1.9157,2.7718,evet,1.630e-11,7.269e-11
02_orta_spiral,Sb–Sbc,IC4202,-0.7,0.527,1.0285,1.0512,evet,2.742e-11,8.137e-11
02_orta_spiral,Sb–Sbc,NGC0289,8.1,0.794,0.7323,0.6691,evet,2.294e-12,9.348e-12
02_orta_spiral,Sb–Sbc,NGC0891,6.4,0.487,0.7802,0.6944,evet,4.171e-11,1.313e-10
02_orta_spiral,Sb–Sbc,NGC1090,9.6,0.696,0.6930,0.5719,evet,9.034e-12,2.806e-11
02_orta_spiral,Sb–Sbc,NGC2683,1.2,0.729,0.9534,0.9370,evet,5.118e-12,2.222e-11
02_orta_spiral,Sb–Sbc,NGC2841,-23.1,0.659,2.8595,4.3943,evet,6.001e-12,9.794e-11
02_orta_spiral,Sb–Sbc,NGC2903,-2.5,0.642,1.1066,1.1745,evet,1.052e-11,7.719e-11
02_orta_spiral,Sb–Sbc,NGC2955,6.5,0.482,0.7773,0.6935,evet,2.531e-11,2.083e-10
02_orta_spiral,Sb–Sbc,NGC3521,-3.7,0.239,1.1628,1.2504,HAYIR,2.310e-11,3.266e-10
02_orta_spiral,Sb–Sbc,NGC3769,2.8,0.792,0.8954,0.8682,evet,1.822e-12,1.447e-11
02_orta_spiral,Sb–Sbc,NGC3949,0.3,0.427,0.9881,0.9740,evet,6.517e-11,1.393e-10
02_orta_spiral,Sb–Sbc,NGC3953,1.7,0.430,0.9348,0.8512,evet,5.236e-11,1.036e-10
02_orta_spiral,Sb–Sbc,NGC3972,-7.0,0.583,1.3368,1.5933,evet,1.923e-11,3.325e-11
02_orta_spiral,Sb–Sbc,NGC3992,-11.2,0.646,1.6082,2.0053,evet,9.466e-12,2.844e-11
02_orta_spiral,Sb–Sbc,NGC4013,-14.7,0.614,1.8889,2.6196,evet,7.013e-12,2.050e-11
02_orta_spiral,Sb–Sbc,NGC4051,20.5,0.499,0.4743,0.3236,evet,4.204e-11,7.426e-11
02_orta_spiral,Sb–Sbc,NGC4088,23.3,0.568,0.4327,0.2843,evet,2.134e-11,8.043e-11
02_orta_spiral,Sb–Sbc,NGC4100,-4.6,0.646,1.2073,1.3339,evet,1.005e-11,3.296e-11
02_orta_spiral,Sb–Sbc,NGC4157,5.7,0.659,0.8011,0.7034,evet,1.077e-11,3.886e-11
02_orta_spiral,Sb–Sbc,NGC4217,14.4,0.541,0.5838,0.4806,evet,3.079e-11,1.119e-10
02_orta_spiral,Sb–Sbc,NGC5005,-4.4,0.208,1.1972,1.2750,HAYIR,1.147e-10,3.936e-10
02_orta_spiral,Sb–Sbc,NGC5055,11.9,0.730,0.6378,0.5125,evet,4.582e-12,5.366e-11
02_orta_spiral,Sb–Sbc,NGC5371,22.8,0.609,0.4398,0.2655,evet,1.306e-11,7.330e-11
02_orta_spiral,Sb–Sbc,NGC5985,-20.7,0.549,2.5288,4.2884,evet,1.811e-11,5.601e-11
02_orta_spiral,Sb–Sbc,NGC6195,16.4,0.456,0.5447,0.4317,evet,2.689e-11,1.314e-10
02_orta_spiral,Sb–Sbc,NGC6674,-7.7,0.770,1.3778,1.5050,evet,3.938e-12,1.415e-11
02_orta_spiral,Sb–Sbc,NGC7331,1.4,0.562,0.9459,0.9013,evet,1.639e-11,6.546e-11
03_gec_spiral,Sc–Scd,F571-8,-20.6,0.731,2.5160,3.2625,evet,3.467e-12,2.925e-11
03_gec_spiral,Sc–Scd,F583-4,0.7,0.784,0.9725,0.9659,evet,4.081e-12,5.615e-12
03_gec_spiral,Sc–Scd,NGC0024,-21.9,0.575,2.6878,4.0306,evet,3.517e-12,3.682e-11
03_gec_spiral,Sc–Scd,NGC0100,-8.8,0.777,1.4455,1.5987,evet,4.287e-12,1.004e-11
03_gec_spiral,Sc–Scd,NGC0801,20.5,0.679,0.4743,0.3304,evet,9.204e-12,5.706e-11
03_gec_spiral,Sc–Scd,NGC1003,-6.5,0.857,1.3084,1.3673,evet,2.029e-12,4.274e-12
03_gec_spiral,Sc–Scd,NGC2403,-9.1,0.723,1.4647,1.6877,evet,4.109e-12,4.880e-11
03_gec_spiral,Sc–Scd,NGC2976,8.5,0.515,0.7216,0.6830,evet,5.145e-11,4.706e-11
03_gec_spiral,Sc–Scd,NGC2998,5.7,0.677,0.8011,0.7121,evet,9.667e-12,6.158e-11
03_gec_spiral,Sc–Scd,NGC3198,0.9,0.755,0.9648,0.9532,evet,3.079e-12,4.437e-11
03_gec_spiral,Sc–Scd,NGC3726,7.1,0.691,0.7600,0.6509,evet,6.453e-12,3.753e-11
03_gec_spiral,Sc–Scd,NGC3877,14.3,0.456,0.5859,0.4662,evet,5.402e-11,8.227e-11
03_gec_spiral,Sc–Scd,NGC3893,-5.1,0.614,1.2329,1.3979,evet,1.548e-11,5.399e-11
03_gec_spiral,Sc–Scd,NGC3917,-4.1,0.648,1.1823,1.2869,evet,1.072e-11,2.270e-11
03_gec_spiral,Sc–Scd,NGC4085,10.4,0.460,0.6732,0.5343,evet,5.388e-11,1.033e-10
03_gec_spiral,Sc–Scd,NGC4183,5.5,0.768,0.8072,0.7526,evet,3.844e-12,1.307e-11
03_gec_spiral,Sc–Scd,NGC4559,11.4,0.726,0.6493,0.5328,evet,7.416e-12,1.817e-11
03_gec_spiral,Sc–Scd,NGC5033,-1.9,0.727,1.0798,1.1141,evet,5.699e-12,2.491e-11
03_gec_spiral,Sc–Scd,NGC5907,0.9,0.695,0.9648,0.9505,evet,7.655e-12,2.199e-11
03_gec_spiral,Sc–Scd,NGC6015,-5.5,0.740,1.2539,1.3550,evet,4.330e-12,2.450e-11
03_gec_spiral,Sc–Scd,NGC6503,-5.4,0.806,1.2486,1.3176,evet,2.535e-12,8.377e-12
03_gec_spiral,Sc–Scd,NGC6946,8.6,0.613,0.7189,0.5645,evet,1.413e-11,5.552e-11
03_gec_spiral,Sc–Scd,UGC02885,-5.1,0.689,1.2329,1.3449,evet,9.242e-12,2.391e-11
03_gec_spiral,Sc–Scd,UGC06667,-21.6,0.810,2.6469,3.1434,evet,3.659e-12,3.692e-12
03_gec_spiral,Sc–Scd,UGC06983,-5.9,0.754,1.2754,1.3712,evet,4.974e-12,8.866e-12
03_gec_spiral,Sc–Scd,UGC07151,4.0,0.696,0.8548,0.7969,evet,1.146e-11,1.655e-11
03_gec_spiral,Sc–Scd,UGC08286,-15.1,0.786,1.9247,2.2455,evet,4.306e-12,8.558e-12
03_gec_spiral,Sc–Scd,UGC09037,16.3,0.664,0.5466,0.3656,evet,1.126e-11,2.829e-11
03_gec_spiral,Sc–Scd,UGC11455,2.9,0.495,0.8919,0.8450,evet,1.818e-11,1.328e-10
03_gec_spiral,Sc–Scd,UGC12506,-9.4,0.714,1.4842,1.7133,evet,8.815e-12,1.997e-11
04_cok_gec_spiral,Sd,ESO116-G012,-14.5,0.724,1.8713,2.2935,evet,7.271e-12,1.946e-11
04_cok_gec_spiral,Sd,F568-3,-6.8,0.761,1.3254,1.4345,evet,4.903e-12,7.192e-12
04_cok_gec_spiral,Sd,F568-V1,-25.0,0.776,3.1605,3.9759,evet,3.395e-12,6.132e-12
04_cok_gec_spiral,Sd,F571-V1,0.0,0.810,1.0000,0.9996,evet,2.820e-12,4.958e-12
04_cok_gec_spiral,Sd,F574-1,-9.6,0.774,1.4974,1.6589,evet,5.557e-12,6.269e-12
04_cok_gec_spiral,Sd,NGC0247,-0.9,0.741,1.0368,1.0521,evet,5.182e-12,8.464e-12
04_cok_gec_spiral,Sd,NGC0300,-11.5,0.781,1.6301,1.8374,evet,2.999e-12,7.758e-12
04_cok_gec_spiral,Sd,NGC4010,-0.7,0.617,1.0285,1.0434,evet,1.612e-11,2.809e-11
04_cok_gec_spiral,Sd,NGC5585,-2.2,0.744,1.0931,1.1272,evet,4.918e-12,1.830e-11
04_cok_gec_spiral,Sd,NGC7793,1.7,0.539,0.9348,0.8878,evet,1.317e-11,6.776e-11
04_cok_gec_spiral,Sd,UGC04278,-17.3,0.780,2.1379,2.5574,evet,1.004e-11,5.646e-12
04_cok_gec_spiral,Sd,UGC05721,-23.9,0.792,2.9817,3.7307,evet,3.735e-12,1.617e-11
04_cok_gec_spiral,Sd,UGC06446,-5.0,0.777,1.2277,1.2917,evet,4.211e-12,6.166e-12
04_cok_gec_spiral,Sd,UGC06930,5.0,0.735,0.8227,0.7662,evet,5.726e-12,1.116e-11
04_cok_gec_spiral,Sd,UGC07603,-18.6,0.781,2.2777,2.7491,evet,4.048e-12,1.070e-11
04_cok_gec_spiral,Sd,UGC08550,-8.2,0.818,1.4081,1.5087,evet,3.670e-12,4.341e-12
05_macellan,Sdm–Sm,F583-1,-15.4,0.826,1.9522,2.1950,evet,3.409e-12,2.816e-12
05_macellan,Sdm–Sm,IC2574,15.2,0.820,0.5678,0.4890,evet,3.249e-12,3.036e-12
05_macellan,Sdm–Sm,NGC0055,14.3,0.755,0.5859,0.4742,evet,5.477e-12,1.037e-11
05_macellan,Sdm–Sm,NGC3109,-16.8,0.838,2.0869,2.3426,evet,2.293e-12,2.820e-12
05_macellan,Sdm–Sm,UGC00128,0.9,0.862,0.9648,0.9582,evet,1.037e-12,3.519e-12
05_macellan,Sdm–Sm,UGC00191,-4.2,0.746,1.1872,1.2550,evet,5.349e-12,1.259e-11
05_macellan,Sdm–Sm,UGC01281,-5.2,0.792,1.2381,1.3029,evet,3.798e-12,3.868e-12
05_macellan,Sdm–Sm,UGC02259,-15.5,0.758,1.9614,2.3359,evet,4.872e-12,8.982e-12
05_macellan,Sdm–Sm,UGC04325,-15.6,0.680,1.9707,2.5313,evet,1.095e-11,1.400e-11
05_macellan,Sdm–Sm,UGC04499,6.9,0.756,0.7658,0.6944,evet,6.299e-12,9.566e-12
05_macellan,Sdm–Sm,UGC05716,1.1,0.826,0.9572,0.9479,evet,2.308e-12,3.730e-12
05_macellan,Sdm–Sm,UGC05750,12.6,0.802,0.6221,0.5459,evet,2.438e-12,3.702e-12
05_macellan,Sdm–Sm,UGC05986,-19.8,0.723,2.4171,3.1414,evet,6.719e-12,2.027e-11
05_macellan,Sdm–Sm,UGC06399,-10.6,0.742,1.5655,1.7923,evet,6.167e-12,8.724e-12
05_macellan,Sdm–Sm,UGC06818,-4.5,0.759,1.2022,1.2717,evet,4.833e-12,8.149e-12
05_macellan,Sdm–Sm,UGC06917,-8.4,0.701,1.4204,1.6209,evet,9.812e-12,1.328e-11
05_macellan,Sdm–Sm,UGC07089,12.3,0.743,0.6288,0.5205,evet,6.128e-12,8.725e-12
05_macellan,Sdm–Sm,UGC07125,49.2,0.808,0.2018,0.1035,evet,2.653e-12,4.462e-12
05_macellan,Sdm–Sm,UGC07261,-2.5,0.746,1.1066,1.1427,evet,7.265e-12,1.176e-11
05_macellan,Sdm–Sm,UGC07399,-33.8,0.754,5.2068,7.3048,evet,6.000e-12,1.028e-11
05_macellan,Sdm–Sm,UGC07524,3.5,0.773,0.8714,0.8338,evet,5.847e-12,5.832e-12
05_macellan,Sdm–Sm,UGC08490,-13.7,0.818,1.8028,2.0147,evet,2.320e-12,6.180e-12
05_macellan,Sdm–Sm,UGC10310,8.9,0.740,0.7110,0.6231,evet,6.629e-12,8.150e-12
05_macellan,Sdm–Sm,UGC11557,40.7,0.616,0.2552,0.1326,evet,1.301e-11,2.713e-11
05_macellan,Sdm–Sm,UGC11820,12.4,0.830,0.6265,0.5611,evet,2.860e-12,4.586e-12
05_macellan,Sdm–Sm,UGC12632,5.4,0.799,0.8103,0.7643,evet,4.085e-12,4.308e-12
05_macellan,Sdm–Sm,UGC12732,-0.1,0.809,1.0040,1.0073,evet,4.509e-12,4.499e-12
05_macellan,Sdm–Sm,UGCA442,-6.6,0.831,1.3141,1.3847,evet,1.725e-12,4.420e-12
06_duzensiz,Im,CamB,89.8,0.791,0.0771,0.0266,evet,2.877e-12,5.015e-12
06_duzensiz,Im,D564-8,15.0,0.889,0.5718,0.5258,evet,8.321e-13,1.541e-12
06_duzensiz,Im,D631-7,-5.2,0.846,1.2381,1.2882,evet,1.499e-12,4.658e-12
06_duzensiz,Im,DDO064,0.4,0.745,0.9842,0.9767,evet,6.956e-12,6.450e-12
06_duzensiz,Im,DDO154,-0.4,0.854,1.0162,1.0179,evet,1.446e-12,3.281e-12
06_duzensiz,Im,DDO161,22.3,0.813,0.4470,0.3546,evet,2.098e-12,5.457e-12
06_duzensiz,Im,DDO168,0.2,0.768,0.9920,0.9919,evet,5.122e-12,9.240e-12
06_duzensiz,Im,DDO170,20.1,0.835,0.4806,0.4012,evet,1.926e-12,3.874e-12
06_duzensiz,Im,ESO444-G084,-27.0,0.827,3.5213,4.2974,evet,1.790e-12,6.930e-12
06_duzensiz,Im,F565-V2,-15.3,0.818,1.9430,2.1943,evet,3.349e-12,3.395e-12
06_duzensiz,Im,KK98-251,32.7,0.789,0.3225,0.2050,evet,3.941e-12,4.683e-12
06_duzensiz,Im,NGC3741,-13.5,0.883,1.7862,1.9007,evet,8.636e-13,1.732e-12
06_duzensiz,Im,NGC4068,25.9,0.731,0.3980,0.2445,evet,9.041e-12,8.950e-12
06_duzensiz,Im,UGC00731,5.8,0.803,0.7981,0.7548,evet,4.041e-12,2.980e-12
06_duzensiz,Im,UGC04483,21.2,0.785,0.4634,0.3519,evet,4.790e-12,6.423e-12
06_duzensiz,Im,UGC05005,8.8,0.840,0.7136,0.6628,evet,2.102e-12,5.259e-12
06_duzensiz,Im,UGC05414,8.6,0.722,0.7189,0.6236,evet,8.945e-12,1.070e-11
06_duzensiz,Im,UGC05764,-11.0,0.786,1.5938,1.7753,evet,4.008e-12,4.893e-12
06_duzensiz,Im,UGC05829,13.5,0.771,0.6026,0.5069,evet,6.572e-12,4.496e-12
06_duzensiz,Im,UGC05918,3.2,0.830,0.8816,0.8590,evet,2.825e-12,2.801e-12
06_duzensiz,Im,UGC06923,1.7,0.659,0.9348,0.9040,evet,1.442e-11,2.111e-11
06_duzensiz,Im,UGC07559,27.4,0.789,0.3796,0.2627,evet,4.999e-12,4.999e-12
06_duzensiz,Im,UGC07577,89.2,0.815,0.0780,0.0273,evet,2.946e-12,3.318e-12
06_duzensiz,Im,UGC07690,8.3,0.717,0.7269,0.6317,evet,7.743e-12,1.718e-11
06_duzensiz,Im,UGC07866,24.4,0.786,0.4176,0.3031,evet,4.740e-12,5.174e-12
06_duzensiz,Im,UGC08837,26.8,0.754,0.3868,0.2486,evet,6.634e-12,6.690e-12
