Galaksi,Sinif,n_nokta,n_yogun,acik_tum,acik_yogun,log M_bar,"log L[3,6]",log SB_eff,log SB_disk,log R_disk,log R_eff,log V_flat,gaz kesri,morfoloji T,eğiklik,SPARC Q,log mesafe,log R_HI/R_disk,log kovan kesri
CamB,Im,9,0,+0.8496,,7.7383,-1.1249,0.8971,1.8209,-0.3279,0.0828,0.0000,0.2985,10.0000,65.0000,2.0000,0.5263,0.4107,-4.0000
UGC07577,Im,8,0,+0.7929,,7.7345,-1.3468,1.0770,1.7368,-0.0458,-0.1135,0.0000,0.7223,10.0000,63.0000,2.0000,0.4133,0.3617,-4.0000
KK98-251,Im,14,0,+0.5669,,8.4149,-1.0706,0.8971,1.7168,0.1271,0.1072,1.5276,0.7826,10.0000,59.0000,2.0000,0.8325,0.3353,-4.0000
UGC11557,Sdm–Sm,11,0,+0.5564,,9.9486,1.0828,2.0288,2.5288,0.4393,0.6212,0.0000,0.3641,8.0000,30.0000,2.0000,1.3838,0.7823,-4.0000
UGC08837,Im,7,0,+0.5168,,8.8715,-0.3002,1.1967,1.8889,0.2355,0.3522,0.0000,0.6295,10.0000,80.0000,2.0000,0.8579,0.4412,-4.0000
UGC07125,Sdm–Sm,13,0,+0.4617,,9.8070,0.4333,1.4489,2.0128,0.5289,0.5933,1.8142,0.8195,9.0000,90.0000,1.0000,1.2967,0.8336,-4.0000
NGC4068,Im,5,0,+0.4491,,8.5096,-0.6271,1.4809,2.4168,-0.2291,0.0453,0.0000,0.6345,10.0000,44.0000,2.0000,0.6405,0.7316,-4.0000
UGC03580,Sa–Sab,46,21,+0.4345,+0.6231,10.1757,1.1227,2.7888,2.4808,0.3856,0.2648,2.1011,0.4670,1.0000,63.0000,2.0000,1.3160,0.9148,-0.3602
UGC07559,Im,7,0,+0.4168,,8.3206,-0.9626,1.2529,1.7408,-0.2366,-0.0088,0.0000,0.8048,10.0000,61.0000,2.0000,0.6964,0.8118,-4.0000
DDO161,Im,31,0,+0.4117,,9.4247,-0.2612,1.3168,2.2288,0.0864,0.3096,1.8215,0.8699,10.0000,70.0000,1.0000,0.8751,0.9426,-4.0000
NGC4088,Sb–Sbc,11,4,+0.3916,+0.4110,10.7931,2.0305,2.6608,3.6008,0.4116,0.7853,2.2348,0.1694,4.0000,69.0000,1.0000,1.2553,0.9357,-4.0000
UGC07866,Im,7,0,+0.3639,,8.2150,-0.9066,1.3408,1.9888,-0.2147,-0.0223,0.0000,0.7168,10.0000,44.0000,2.0000,0.6599,0.7332,-4.0000
IC2574,Sdm–Sm,33,0,+0.3590,,9.3502,0.0069,1.2009,1.9048,0.4440,0.5024,1.8222,0.7306,9.0000,75.0000,2.0000,0.5922,0.5898,-4.0000
D564-8,Im,6,0,+0.3458,,7.6940,-1.4815,1.0048,1.3249,-0.2147,-0.1427,0.0000,0.7004,10.0000,63.0000,2.0000,0.9440,-2.7853,-4.0000
UGC09037,Sc–Scd,22,1,+0.3375,,10.7354,1.8364,2.5248,2.9248,0.6314,0.7551,2.1827,0.4252,6.0000,65.0000,2.0000,1.9222,0.9676,-4.0000
UGC04483,Im,7,0,+0.3335,,7.6975,-1.8861,1.4729,1.9168,-0.7447,-0.5850,0.0000,0.8675,10.0000,58.0000,2.0000,0.5237,0.9091,-4.0000
NGC5371,Sb–Sbc,18,7,+0.3257,+0.1289,11.2515,2.5320,2.7488,3.1448,0.8716,0.9912,2.3212,0.0803,4.0000,53.0000,1.0000,1.5988,0.6060,-4.0000
NGC4217,Sb–Sbc,18,9,+0.3209,+0.5424,10.7479,1.9309,2.6848,3.6408,0.4683,0.7226,2.2584,0.0740,3.0000,86.0000,1.0000,1.2553,0.7544,-0.1038
NGC0801,Sc–Scd,12,5,+0.3204,+0.0100,11.3951,2.4949,2.9128,3.1928,0.9405,0.8899,2.3426,0.1649,5.0000,80.0000,1.0000,1.9069,0.7126,-4.0000
UGC05750,Sdm–Sm,10,0,+0.3144,,9.9542,0.5232,0.8370,2.0968,0.5391,0.9445,0.0000,0.4670,8.0000,64.0000,1.0000,1.7686,0.6860,-4.0000
NGC2976,Sc–Scd,26,0,+0.3104,,9.2240,0.5278,2.4888,3.1768,0.0043,0.1173,1.9315,0.1195,5.0000,61.0000,2.0000,0.5539,0.4786,-4.0000
NGC6195,Sb–Sbc,22,15,+0.3035,+0.3134,11.3435,2.5923,2.8368,2.2408,1.1443,0.9786,2.4009,0.1245,3.0000,62.0000,1.0000,2.1065,0.4674,-0.3074
DDO170,Im,8,0,+0.2936,,9.2998,-0.2652,0.9727,1.8688,0.2900,0.4814,1.7782,0.7826,10.0000,66.0000,2.0000,1.1875,0.6709,-4.0000
NGC0055,Sdm–Sm,21,0,+0.2913,,9.7450,0.6654,1.7368,2.5928,0.7860,0.5647,1.9325,0.4735,9.0000,77.0000,2.0000,0.3243,0.2243,-4.0000
UGC07089,Sdm–Sm,12,0,+0.2900,,9.4948,0.5545,1.5729,2.7168,0.3541,0.5911,0.0000,0.4739,8.0000,80.0000,2.0000,1.2553,0.6139,-4.0000
NGC5055,Sb–Sbc,27,11,+0.2722,+0.3320,10.9759,2.1845,3.1408,3.5248,0.5051,0.6212,2.2529,0.1694,4.0000,55.0000,1.0000,0.9956,1.0397,-4.0000
NGC4559,Sc–Scd,31,0,+0.2592,,10.3512,1.2873,2.3248,3.2048,0.3222,0.5821,2.0835,0.4437,6.0000,67.0000,1.0000,0.9542,1.0033,-4.0000
NGC4051,Sb–Sbc,6,0,+0.2577,,10.5356,1.9789,2.5048,3.1208,0.6675,0.8370,2.1959,0.0700,4.0000,49.0000,2.0000,1.2553,0.5124,-4.0000
UGC02916,Sa–Sab,42,27,+0.2492,+0.3112,11.0741,2.0940,3.3848,2.7168,0.7889,0.4472,2.2617,0.3327,2.0000,50.0000,2.0000,1.8156,0.7457,-0.0804
UGC11820,Sdm–Sm,9,0,+0.2469,,9.7475,-0.0132,1.3049,1.5329,0.3181,0.4378,0.0000,0.8443,9.0000,45.0000,1.0000,1.2577,0.7955,-4.0000
UGC03546,Sa–Sab,29,17,+0.2448,+0.2840,10.6391,2.0058,3.3808,2.9648,0.5786,0.4116,2.2942,0.0656,1.0000,55.0000,1.0000,1.4579,0.6855,-0.3565
UGC05005,Im,10,0,+0.2417,,10.0957,0.6128,1.4087,1.8168,0.5051,0.7007,1.9952,0.6674,10.0000,41.0000,1.0000,1.7300,0.8295,-4.0000
NGC4085,Sc–Scd,6,3,+0.2372,+0.2988,10.0214,1.3369,2.9328,3.7008,0.2175,0.3010,2.1189,0.1418,5.0000,82.0000,2.0000,1.2553,0.7894,-4.0000
NGC3877,Sc–Scd,12,1,+0.2337,,10.5452,1.8605,2.7768,3.5328,0.4031,0.6425,2.2263,0.0516,5.0000,76.0000,2.0000,1.2553,0.6564,-4.0000
UGC05414,Im,5,0,+0.2330,,8.9732,0.0504,1.5168,2.1048,0.1673,0.3674,0.0000,0.5762,10.0000,55.0000,1.0000,0.9731,0.6555,-4.0000
NGC2955,Sb–Sbc,23,16,+0.2233,+0.2401,11.3225,2.5044,2.9888,1.7048,1.2732,0.8585,0.0000,0.1942,3.0000,56.0000,1.0000,1.9908,0.3325,-0.3926
D631-7,Im,16,0,+0.2205,,8.7349,-0.7077,1.3208,2.0608,-0.1549,0.0864,1.7612,0.7974,10.0000,59.0000,1.0000,0.8876,-2.8451,-4.0000
NGC4157,Sb–Sbc,16,4,+0.2205,+0.2474,10.7802,2.0237,2.9288,4.3768,0.3655,0.6474,2.2665,0.1716,3.0000,82.0000,1.0000,1.2553,1.0163,-1.6882
UGC06614,Sa–Sab,12,0,+0.2176,,11.0682,2.0946,3.1648,2.7328,0.7076,0.5658,2.3006,0.3189,1.0000,36.0000,1.0000,1.9479,1.0751,-0.2418
NGC6946,Sc–Scd,57,19,+0.2084,+0.2452,10.5839,1.8207,2.7568,3.3488,0.3874,0.6232,2.2011,0.1856,6.0000,38.0000,1.0000,0.7419,0.9400,-1.1661
NGC3726,Sc–Scd,11,0,+0.2016,,10.5861,1.8465,2.2968,3.2528,0.5315,0.8762,2.2253,0.1969,5.0000,53.0000,2.0000,1.2553,0.8149,-4.0000
UGC05253,Sa–Sab,72,55,+0.1959,+0.2040,11.1023,2.2345,3.1728,2.2768,0.9069,0.6314,2.3298,0.2027,2.0000,37.0000,2.0000,1.3598,0.6571,-0.1127
NGC1090,Sb–Sbc,23,2,+0.1950,,10.7551,1.8576,2.4528,3.3128,0.5478,0.8035,2.2159,0.2449,4.0000,64.0000,1.0000,1.5682,0.9364,-4.0000
DDO168,Im,10,0,+0.1913,,8.7666,-0.7190,1.2608,1.9648,0.0086,0.1106,1.7275,0.8519,10.0000,63.0000,2.0000,0.6284,0.6249,-4.0000
UGC05829,Im,10,0,+0.1820,,9.3372,-0.2487,1.0249,1.8009,0.2989,0.4639,0.0000,0.8283,10.0000,34.0000,2.0000,0.9365,0.5971,-4.0000
NGC5005,Sb–Sbc,18,18,+0.1808,+0.1808,10.9523,2.2522,3.2528,1.9848,0.9754,0.5988,2.4186,0.0187,4.0000,68.0000,1.0000,1.2279,0.0420,-0.6236
NGC7331,Sb–Sbc,35,13,+0.1766,+0.2910,11.0123,2.3990,3.3928,3.2568,0.7007,0.6010,2.3784,0.1051,3.0000,75.0000,1.0000,1.1673,0.7308,-1.2597
NGC0891,Sb–Sbc,17,10,+0.1734,+0.2998,10.8559,2.1409,3.2088,3.7048,0.4065,0.5658,2.3347,0.0790,3.0000,90.0000,1.0000,0.9961,0.8526,-0.7841
UGC11455,Sc–Scd,35,21,+0.1657,+0.1914,11.3226,2.5732,2.7568,3.9808,0.7731,1.0026,2.4304,0.0866,6.0000,90.0000,1.0000,1.8954,0.8648,-4.0000
NGC0289,Sb–Sbc,27,5,+0.1397,+0.1227,10.8759,1.8577,3.2008,1.8448,0.8287,0.4298,2.2122,0.5035,4.0000,46.0000,2.0000,1.3181,0.8660,-4.0000
DDO064,Im,13,0,+0.1298,,8.6213,-0.8041,1.2408,2.1808,-0.1612,0.0792,1.6637,0.7814,10.0000,60.0000,1.0000,0.8325,0.7040,-4.0000
UGC09133,Sa–Sab,67,36,+0.1265,+0.1607,11.3437,2.4517,3.1088,2.9368,0.8432,0.7723,2.3556,0.2391,2.0000,53.0000,1.0000,1.7566,0.9374,-0.4027
NGC2998,Sc–Scd,12,5,+0.1265,-0.2310,11.1099,2.1787,2.6808,2.8888,0.7924,0.8488,2.3220,0.2925,5.0000,58.0000,1.0000,1.8331,0.8469,-4.0000
F583-4,Sc–Scd,11,0,+0.1204,,9.1149,0.2343,1.3969,1.9209,0.2856,0.5198,0.0000,0.4985,5.0000,55.0000,1.0000,1.7267,0.6065,-4.0000
UGC04499,Sdm–Sm,8,0,+0.1196,,9.4232,0.1909,1.5288,2.1048,0.2380,0.4298,1.8621,0.6534,8.0000,50.0000,1.0000,1.0969,0.7000,-4.0000
NGC3949,Sb–Sbc,6,4,+0.1186,+0.1478,10.1720,1.5805,3.0248,2.2688,0.5551,0.3784,2.2122,0.1906,4.0000,55.0000,2.0000,1.2553,0.5823,-4.0000
NGC7793,Sd,45,1,+0.1150,,9.7193,0.8482,2.3688,3.0288,0.0828,0.3404,0.0000,0.2452,7.0000,47.0000,1.0000,0.5575,0.7835,-4.0000
NGC3521,Sb–Sbc,40,35,+0.1139,+0.1257,10.6636,1.9286,3.3488,3.3248,0.3802,0.3892,2.3298,0.1152,4.0000,75.0000,1.0000,0.8865,0.8951,-4.0000
NGC3769,Sb–Sbc,12,1,+0.1027,,10.1895,1.2714,2.7968,2.2048,0.5289,0.3385,2.0741,0.4405,3.0000,70.0000,2.0000,1.2553,0.8246,-4.0000
UGC06923,Im,6,0,+0.0963,,9.3497,0.4609,2.2208,2.5408,0.1584,0.2201,1.9009,0.4268,10.0000,65.0000,2.0000,1.2553,0.6709,-4.0000
NGC4183,Sc–Scd,22,0,+0.0960,,10.0556,1.0349,1.9368,3.0408,0.4456,0.6503,2.0438,0.4625,6.0000,82.0000,1.0000,1.2553,0.7604,-4.0000
NGC3198,Sc–Scd,42,2,+0.0954,,10.6277,1.5830,2.2528,3.2048,0.4969,0.7664,2.1764,0.4303,5.0000,73.0000,1.0000,1.1399,1.0553,-4.0000
UGC07151,Sc–Scd,10,0,+0.0868,,9.3098,0.3587,1.8849,2.9848,0.0969,0.3365,1.8663,0.4177,6.0000,90.0000,1.0000,0.8370,0.7086,-4.0000
NGC4010,Sd,11,0,+0.0817,,10.0161,1.2354,1.1688,3.4168,0.4487,0.8215,2.0997,0.3047,7.0000,89.0000,2.0000,1.2553,0.7966,-4.0000
NGC5585,Sd,23,0,+0.0751,,9.6207,0.4688,1.9568,2.4728,0.1847,0.3560,1.9557,0.6034,7.0000,51.0000,1.0000,0.8488,0.8535,-4.0000
DDO154,Im,12,0,+0.0693,,8.5546,-1.2757,1.3008,1.8528,-0.4318,-0.1871,1.6721,0.9324,10.0000,64.0000,2.0000,0.6064,1.1273,-4.0000
UGC07690,Im,7,0,+0.0611,,8.9124,-0.0665,2.2648,2.5968,-0.2441,-0.0655,1.7589,0.5473,10.0000,41.0000,2.0000,0.9090,0.9845,-4.0000
UGC06930,Sd,9,0,+0.0525,,10.0046,0.9509,1.8688,2.2768,0.5955,0.6415,2.0302,0.4908,7.0000,32.0000,1.0000,1.2553,0.6288,-4.0000
UGC07524,Sdm–Sm,30,0,+0.0404,,9.6171,0.3867,1.4729,2.0288,0.5391,0.5575,1.9004,0.6602,9.0000,46.0000,1.0000,0.6758,0.5441,-4.0000
NGC3953,Sb–Sbc,7,3,+0.0403,-0.1199,10.7343,2.1501,2.7688,3.3008,0.6893,0.7903,2.3440,0.0506,4.0000,62.0000,1.0000,1.2553,0.5507,-4.0000
UGC01281,Sdm–Sm,24,0,+0.0400,,8.8074,-0.4522,1.1408,2.1328,0.2122,0.3032,1.7419,0.6890,8.0000,90.0000,1.0000,0.7218,0.5088,-4.0000
NGC2903,Sb–Sbc,33,15,+0.0387,+0.2306,10.6481,1.9131,2.8008,3.0768,0.3674,0.6571,2.2662,0.0766,4.0000,66.0000,1.0000,0.8195,0.7713,-4.0000
IC4202,Sb–Sbc,31,12,+0.0372,+0.0609,11.0512,2.2547,2.5928,3.9488,0.6794,0.9320,2.3849,0.1543,4.0000,90.0000,1.0000,2.0017,0.8275,-0.5791
NGC0247,Sd,25,0,+0.0258,,9.8330,0.8652,1.5288,2.7048,0.5729,0.7686,2.0208,0.3878,7.0000,74.0000,2.0000,0.5682,0.5340,-4.0000
NGC5907,Sc–Scd,18,0,+0.0221,,11.0557,2.2441,2.6528,3.9368,0.7275,0.8965,2.3324,0.2417,5.0000,88.0000,1.0000,1.2380,-3.7275,-4.0000
NGC5033,Sc–Scd,21,5,+0.0219,+0.2009,10.9123,2.0434,3.3088,2.7888,0.7126,0.4683,2.2882,0.2140,5.0000,66.0000,1.0000,1.1959,0.7576,-0.6472
NGC1003,Sc–Scd,35,0,+0.0196,,10.1058,0.8338,2.1488,3.1288,0.2068,0.4409,2.0406,0.6964,6.0000,67.0000,1.0000,1.0569,1.3160,-4.0000
UGC06818,Sdm–Sm,8,0,+0.0164,,9.1491,0.2009,1.7488,2.4568,0.1430,0.3263,1.8525,0.6438,9.0000,75.0000,2.0000,1.2553,0.6996,-4.0000
UGC00128,Sdm–Sm,21,0,+0.0089,,10.3255,1.0799,1.3088,1.9489,0.7745,0.9836,2.1116,0.6219,8.0000,57.0000,1.0000,1.8096,0.7206,-4.0000
UGC06787,Sa–Sab,70,44,+0.0072,+0.1102,10.8294,1.9924,3.2768,2.6328,0.7300,0.4594,2.3946,0.1199,2.0000,66.0000,2.0000,1.3284,0.6923,-0.1692
NGC2683,Sb–Sbc,11,2,+0.0058,,10.4952,1.9053,3.0568,4.0088,0.3385,0.5237,2.1875,0.0444,3.0000,80.0000,2.0000,0.9917,0.8011,-1.0708
UGCA442,Sdm–Sm,8,0,+0.0031,,8.6841,-0.8539,0.8808,2.0648,0.0719,0.2330,1.7513,0.8332,9.0000,64.0000,1.0000,0.6385,0.5686,-4.0000
UGC05918,Im,8,0,-0.0030,,8.5551,-0.6326,0.7292,1.3969,0.2201,0.4200,0.0000,0.7722,10.0000,46.0000,2.0000,0.8842,0.5507,-4.0000
F571-V1,Sd,7,0,-0.0071,,9.5361,0.2669,1.1847,1.8088,0.3927,0.6415,1.9222,0.6365,7.0000,30.0000,2.0000,1.9036,0.6116,-4.0000
F571-8,Sc–Scd,12,2,-0.0155,,9.7814,1.0071,2.9168,1.9408,0.5514,0.1461,2.1452,0.3180,5.0000,85.0000,1.0000,1.7267,0.8386,-4.0000
NGC3893,Sc–Scd,10,3,-0.0206,+0.0436,10.5082,1.7673,3.1968,3.3128,0.3766,0.3856,2.2405,0.2086,5.0000,49.0000,1.0000,1.2553,0.9423,-4.0000
NGC0100,Sc–Scd,20,0,-0.0323,,9.4164,0.5095,1.8128,3.0768,0.2201,0.4487,1.9450,0.6209,6.0000,89.0000,1.0000,1.1303,0.9937,-4.0000
UGC08699,Sa–Sab,40,13,-0.0358,+0.1002,10.5379,1.7016,3.3408,3.1368,0.4900,0.2810,2.2610,0.1650,2.0000,73.0000,2.0000,1.5944,0.7899,-0.3938
UGC03205,Sa–Sab,47,27,-0.0359,-0.0743,10.9003,2.0555,2.7688,3.5928,0.5038,0.7284,2.3416,0.1847,2.0000,67.0000,1.0000,1.6990,0.9526,-0.6735
NGC6503,Sc–Scd,30,2,-0.0414,,9.9728,1.1087,2.8888,2.6008,0.3345,0.2095,2.0656,0.2653,6.0000,74.0000,1.0000,0.7966,0.8132,-4.0000
UGC02885,Sc–Scd,18,2,-0.0416,,11.5224,2.6059,2.6248,2.6728,1.0569,1.0864,2.4616,0.2090,5.0000,64.0000,1.0000,1.9063,0.8137,-0.8934
NGC2403,Sc–Scd,72,5,-0.0450,+0.0796,10.1040,1.0018,2.5328,3.1488,0.1430,0.3345,2.1179,0.4587,6.0000,63.0000,1.0000,0.4997,1.0362,-4.0000
F568-3,Sd,17,0,-0.0490,,10.0085,0.9215,1.3768,2.1208,0.6981,0.8733,0.0000,0.5045,7.0000,40.0000,1.0000,1.9159,0.5098,-4.0000
UGC04278,Sd,24,0,-0.0496,,9.4727,0.1163,1.5329,2.5768,0.3444,0.3909,1.9609,0.6943,7.0000,90.0000,1.0000,0.9782,0.6050,-4.0000
NGC3917,Sc–Scd,16,0,-0.0534,,10.1494,1.3418,2.0528,3.0888,0.4200,0.7451,2.1332,0.1861,6.0000,79.0000,1.0000,1.2553,0.7286,-4.0000
UGC12632,Sdm–Sm,14,0,-0.0538,,9.4863,0.1143,1.1169,1.8248,0.3838,0.5955,1.8555,0.7810,9.0000,46.0000,1.0000,0.9899,0.7166,-4.0000
UGC11914,Sa–Sab,64,64,-0.0551,-0.0551,10.8514,2.1762,3.3848,3.5008,0.3874,0.4942,2.4595,0.0155,2.0000,31.0000,1.0000,1.2279,0.5792,-0.3144
UGC02953,Sa–Sab,114,77,-0.0621,+0.0546,11.1742,2.4142,3.1888,3.6248,0.5502,0.7016,2.4231,0.0730,2.0000,50.0000,2.0000,1.2175,0.8300,-0.6397
NGC6015,Sc–Scd,43,1,-0.0809,,10.4153,1.5069,2.5208,3.2848,0.3617,0.5933,2.1878,0.3257,6.0000,60.0000,2.0000,1.2304,0.9693,-4.0000
UGC10310,Sdm–Sm,7,0,-0.0866,,9.3987,0.2408,1.4529,2.2008,0.2553,0.4942,1.8537,0.6463,9.0000,34.0000,1.0000,1.1818,0.7261,-4.0000
UGC07261,Sdm–Sm,7,0,-0.1000,,9.3224,0.2438,1.5928,2.7528,0.0792,0.4249,1.8733,0.6781,8.0000,30.0000,2.0000,1.1173,0.9251,-4.0000
NGC4100,Sb–Sbc,23,2,-0.1090,,10.4623,1.7737,2.5888,3.9528,0.3324,0.6928,2.1992,0.1220,4.0000,73.0000,1.0000,1.2553,0.9243,-4.0000
NGC3972,Sb–Sbc,9,0,-0.1151,,9.9117,1.1569,2.2168,3.2008,0.3385,0.5717,2.1229,0.1837,4.0000,77.0000,1.0000,1.2553,0.6637,-4.0000
UGC05716,Sdm–Sm,12,0,-0.1259,,9.3927,-0.2306,1.4408,1.9568,0.0569,0.2648,1.8639,0.8319,9.0000,54.0000,2.0000,1.3284,0.9700,-4.0000
UGC00191,Sdm–Sm,8,0,-0.1294,,9.5736,0.3019,1.7008,2.3168,0.1987,0.3979,0.0000,0.6406,9.0000,45.0000,1.0000,1.2330,0.8026,-4.0000
ESO079-G014,Sb–Sbc,14,0,-0.1355,,10.4639,1.7138,2.1968,3.3608,0.7059,0.8591,2.2430,0.1390,4.0000,79.0000,1.0000,1.4579,0.5414,-4.0000
NGC7814,Sa–Sab,17,6,-0.1372,+0.1201,10.6461,1.8723,3.4328,3.4208,0.4048,0.3181,2.3402,0.0368,2.0000,90.0000,1.0000,1.1584,0.6797,-0.1497
NGC4013,Sb–Sbc,35,4,-0.1403,-0.0156,10.2508,1.8981,2.8728,4.0088,0.5478,0.6138,2.2378,0.0907,3.0000,89.0000,2.0000,1.2553,0.9485,-0.6576
UGC12732,Sdm–Sm,15,0,-0.1438,,9.8768,0.2219,1.4288,2.0808,0.2967,0.4942,0.0000,0.8538,9.0000,39.0000,1.0000,1.1206,0.9441,-4.0000
NGC6674,Sb–Sbc,14,1,-0.1516,,11.1466,2.3317,2.7488,3.1368,0.7810,0.8893,2.3826,0.2850,3.0000,54.0000,1.0000,1.7093,0.9181,-1.0784
UGC00731,Im,11,0,-0.1729,,9.5308,-0.4908,1.4087,1.9168,0.3617,0.1461,1.8651,0.9370,10.0000,57.0000,1.0000,1.0969,0.7016,-4.0000
UGC06399,Sdm–Sm,8,0,-0.2010,,9.3583,0.3610,1.4888,2.4928,0.3118,0.5378,1.9294,0.4385,9.0000,75.0000,1.0000,1.2553,0.6327,-4.0000
NGC3741,Im,21,0,-0.2220,,8.4778,-1.5528,1.6329,2.1568,-0.6990,-0.4949,1.6998,0.9453,10.0000,70.0000,1.0000,0.5065,1.3222,-4.0000
UGC06917,Sdm–Sm,10,0,-0.2272,,9.7767,0.8345,1.7248,2.4168,0.4409,0.6551,2.0362,0.4406,9.0000,56.0000,1.0000,1.2553,0.6619,-4.0000
NGC3109,Sdm–Sm,24,0,-0.2384,,8.8186,-0.7122,1.0569,2.1488,0.1931,0.2148,1.8209,0.8674,9.0000,70.0000,1.0000,0.1239,0.5850,-4.0000
ESO116-G012,Sd,14,0,-0.2450,,9.6837,0.6327,1.9568,3.1208,0.1790,0.4393,2.0378,0.4016,7.0000,74.0000,1.0000,1.1139,0.8024,-4.0000
NGC0300,Sd,24,0,-0.2450,,9.4160,0.4657,2.1688,2.6408,0.2430,0.2480,1.9699,0.4601,7.0000,42.0000,2.0000,0.3181,0.7207,-4.0000
F574-1,Sd,13,0,-0.2469,,9.7392,0.8154,1.4768,2.1088,0.6493,0.7686,1.9903,0.5891,7.0000,65.0000,1.0000,1.9859,0.5599,-4.0000
NGC3992,Sb–Sbc,8,0,-0.2584,,10.9431,2.3559,2.5568,3.5128,0.6955,0.9996,2.3820,0.1629,4.0000,56.0000,1.0000,1.3747,0.8197,-4.0000
UGC08550,Sd,11,0,-0.2823,,8.8670,-0.5391,1.6569,3.1088,-0.3468,0.0043,1.7551,0.7261,7.0000,90.0000,1.0000,0.8261,1.0942,-4.0000
F565-V2,Im,7,0,-0.3014,,9.2453,-0.2526,0.8407,1.6049,0.3365,0.5527,0.0000,0.7688,10.0000,60.0000,2.0000,1.7143,0.5275,-4.0000
UGC06983,Sc–Scd,16,0,-0.3098,,9.8932,0.7241,1.7288,2.0848,0.5065,0.5966,2.0374,0.5983,6.0000,49.0000,1.0000,1.2553,0.6995,-4.0000
ESO563-G021,Sb–Sbc,29,11,-0.3098,-0.3098,11.2889,2.4930,2.6328,3.8168,0.7364,1.0249,2.4978,0.1720,4.0000,83.0000,1.0000,1.7839,1.0095,-4.0000
UGC12506,Sc–Scd,30,0,-0.3195,,11.1686,2.1448,2.1608,3.7488,0.8681,1.0920,2.3692,0.4039,6.0000,86.0000,2.0000,2.0026,0.9029,-4.0000
UGC08490,Sdm–Sm,29,0,-0.3319,,9.2213,0.0073,2.0968,2.7608,-0.1739,0.0569,1.8954,0.6532,9.0000,50.0000,1.0000,0.6675,1.0660,-4.0000
UGC06446,Sd,16,0,-0.3688,,9.4852,-0.0052,1.5688,1.9368,0.1732,0.3139,1.9149,0.7878,7.0000,51.0000,1.0000,1.0792,0.8409,-4.0000
F583-1,Sdm–Sm,24,0,-0.3688,,9.8073,-0.0061,1.0488,1.7848,0.3729,0.5729,1.9335,0.8515,9.0000,63.0000,1.0000,1.5490,0.8216,-4.0000
UGC07603,Sd,12,0,-0.3786,,8.6590,-0.4248,1.9128,2.7168,-0.2757,-0.0706,1.7896,0.6460,7.0000,78.0000,1.0000,0.6721,0.9162,-4.0000
UGC08286,Sc–Scd,16,0,-0.4211,,9.2787,0.0986,1.5968,3.1728,0.0212,0.3522,1.9159,0.5764,6.0000,90.0000,1.0000,0.8129,0.8857,-4.0000
UGC04325,Sdm–Sm,7,0,-0.4584,,9.3138,0.3066,1.6128,2.3288,0.2695,0.4456,1.9586,0.4709,9.0000,41.0000,1.0000,0.9823,0.5507,-4.0000
UGC02259,Sdm–Sm,8,0,-0.4615,,9.3048,0.2368,1.6728,2.2368,0.2095,0.3802,1.9355,0.4324,8.0000,41.0000,2.0000,1.0212,0.6526,-4.0000
UGC05986,Sdm–Sm,14,0,-0.5052,,9.5948,0.6716,1.8849,3.2368,0.2227,0.4942,2.0531,0.6018,9.0000,90.0000,2.0000,0.9360,0.9956,-4.0000
ESO444-G084,Im,7,0,-0.5286,,8.4049,-1.1487,1.2969,1.8248,-0.3372,-0.1249,0.0000,0.8349,10.0000,32.0000,2.0000,0.6839,0.8071,-4.0000
UGC05764,Im,10,0,-0.5697,,8.5613,-1.0706,0.9689,1.5288,0.0682,0.0792,0.0000,0.8361,10.0000,60.0000,2.0000,0.8733,0.4771,-4.0000
NGC2841,Sb–Sbc,49,24,-0.5874,-0.5575,11.1058,2.2744,2.9928,3.6768,0.5611,0.7412,2.4545,0.1214,3.0000,76.0000,1.0000,1.1492,1.0933,-0.5876
NGC5985,Sb–Sbc,32,1,-0.5962,,11.0340,2.3196,2.4608,3.1648,0.8457,1.0298,2.4678,0.1287,3.0000,60.0000,1.0000,1.5988,0.7509,-1.1490
UGC05721,Sd,22,0,-0.5995,,9.0876,-0.2749,2.3688,2.9608,-0.4202,-0.2218,1.9015,0.7379,7.0000,61.0000,1.0000,0.7910,1.2489,-4.0000
NGC0024,Sc–Scd,28,0,-0.6429,,9.5785,0.5898,2.1808,3.0728,0.1271,0.3032,2.0265,0.3162,5.0000,64.0000,1.0000,0.8633,0.7356,-4.0000
UGC06667,Sc–Scd,8,0,-0.8356,,9.1839,0.1452,1.2567,2.7888,0.7118,0.5441,1.9232,0.6064,6.0000,89.0000,1.0000,1.2553,0.2222,-4.0000
F568-V1,Sd,14,0,-0.9896,,9.8629,0.5826,1.4968,1.9568,0.4548,0.6435,2.0504,0.6340,7.0000,40.0000,1.0000,1.9063,0.7029,-4.0000
UGC07399,Sdm–Sm,9,0,-1.2038,,9.1559,0.0630,2.0568,2.1328,0.2148,0.1038,2.0128,0.6316,8.0000,55.0000,1.0000,0.9258,0.6800,-4.0000
