Galaksi,Sinif,R_kpc,F4_payi,Sigma_yildiz_Msun_pc2,gaz_kesri,G_yerel_bolu_G
NGC7814,Sa–Sab,0.63,0.000,4895.76,0.000,0.8339
NGC7814,Sa–Sab,1.72,0.145,653.80,0.000,0.7786
NGC7814,Sa–Sab,2.79,0.200,242.74,0.000,0.8126
NGC7814,Sa–Sab,3.91,0.243,118.73,0.000,0.9211
NGC7814,Sa–Sab,5.03,0.281,57.26,0.000,1.0339
NGC7814,Sa–Sab,6.14,0.316,30.72,0.000,1.1880
NGC7814,Sa–Sab,7.26,0.350,18.18,0.000,1.3369
UGC02916,Sa–Sab,0.37,0.000,6300.48,0.000,3.1158
UGC02916,Sa–Sab,0.74,0.189,3731.51,0.000,1.2527
UGC02916,Sa–Sab,1.11,0.204,2759.74,0.000,0.9818
UGC02916,Sa–Sab,1.48,0.208,2091.69,0.000,0.8222
UGC02916,Sa–Sab,1.84,0.206,1581.30,0.000,0.6969
UGC02916,Sa–Sab,2.21,0.204,1092.56,0.000,0.5957
UGC02916,Sa–Sab,2.60,0.207,640.28,0.000,0.5400
UGC02916,Sa–Sab,2.96,0.219,471.44,0.000,0.5281
UGC02916,Sa–Sab,3.17,0.222,391.21,0.000,0.5142
UGC02916,Sa–Sab,3.33,0.226,339.01,0.000,0.5075
UGC02916,Sa–Sab,3.70,0.235,240.15,0.000,0.4975
UGC02916,Sa–Sab,4.07,0.245,163.96,0.000,0.5005
UGC02916,Sa–Sab,4.44,0.255,113.82,0.001,0.5090
UGC02916,Sa–Sab,4.81,0.267,87.04,0.001,0.5295
UGC02916,Sa–Sab,5.18,0.278,65.89,0.002,0.5612
UGC02916,Sa–Sab,5.55,0.290,52.47,0.003,0.5978
UGC02916,Sa–Sab,5.92,0.302,46.91,0.005,0.6352
UGC02916,Sa–Sab,6.28,0.312,43.52,0.007,0.6819
UGC02916,Sa–Sab,6.34,0.314,43.18,0.007,0.6858
UGC02916,Sa–Sab,6.65,0.322,40.66,0.009,0.7283
UGC02916,Sa–Sab,7.03,0.332,37.06,0.012,0.7757
UGC02916,Sa–Sab,7.39,0.341,34.56,0.015,0.8102
UGC02916,Sa–Sab,7.77,0.350,32.38,0.018,0.8466
UGC02953,Sa–Sab,0.09,0.000,21901.13,0.000,11.5784
UGC02953,Sa–Sab,0.17,0.137,17705.23,0.000,2.9905
UGC02953,Sa–Sab,0.26,0.123,12324.03,0.000,1.6564
UGC02953,Sa–Sab,0.34,0.124,9275.68,0.000,1.3262
UGC02953,Sa–Sab,0.43,0.129,7278.61,0.000,1.1721
UGC02953,Sa–Sab,0.51,0.134,6136.04,0.000,1.0813
UGC02953,Sa–Sab,0.60,0.139,5154.46,0.000,1.0037
UGC02953,Sa–Sab,0.69,0.143,4409.75,0.000,0.9475
UGC02953,Sa–Sab,0.77,0.147,3876.37,0.000,0.9165
UGC02953,Sa–Sab,0.86,0.151,3407.54,0.000,0.8818
UGC02953,Sa–Sab,0.95,0.155,3059.17,0.000,0.8614
UGC02953,Sa–Sab,1.03,0.158,2789.90,0.000,0.8421
UGC02953,Sa–Sab,1.11,0.160,2541.05,0.000,0.8198
UGC02953,Sa–Sab,1.20,0.162,2273.86,0.000,0.8025
UGC02953,Sa–Sab,1.29,0.165,2032.01,0.000,0.7883
UGC02953,Sa–Sab,1.38,0.167,1817.32,0.000,0.7777
UGC02953,Sa–Sab,1.46,0.169,1651.25,0.000,0.7644
UGC02953,Sa–Sab,1.55,0.171,1487.90,0.000,0.7609
UGC02953,Sa–Sab,1.63,0.173,1368.11,0.000,0.7608
UGC02953,Sa–Sab,1.72,0.176,1251.07,0.000,0.7620
UGC02953,Sa–Sab,1.80,0.179,1165.06,0.000,0.7653
UGC02953,Sa–Sab,1.89,0.182,1081.39,0.000,0.7696
UGC02953,Sa–Sab,1.98,0.184,1011.15,0.000,0.7750
UGC02953,Sa–Sab,2.07,0.187,952.03,0.000,0.7894
UGC02953,Sa–Sab,2.15,0.190,907.89,0.000,0.7962
UGC02953,Sa–Sab,2.23,0.193,868.77,0.000,0.8032
UGC02953,Sa–Sab,2.32,0.195,831.44,0.000,0.8100
UGC02953,Sa–Sab,2.40,0.198,803.15,0.000,0.8254
UGC02953,Sa–Sab,2.49,0.200,776.83,0.000,0.8317
UGC02953,Sa–Sab,2.58,0.203,755.58,0.000,0.8371
UGC02953,Sa–Sab,2.67,0.205,735.98,0.000,0.8412
UGC02953,Sa–Sab,2.75,0.206,719.98,0.000,0.8534
UGC02953,Sa–Sab,2.83,0.208,705.46,0.000,0.8561
UGC02953,Sa–Sab,2.92,0.209,686.76,0.000,0.8655
UGC02953,Sa–Sab,3.00,0.210,667.49,0.000,0.8669
UGC02953,Sa–Sab,3.09,0.211,644.03,0.000,0.8760
UGC02953,Sa–Sab,3.18,0.212,619.86,0.000,0.8770
UGC02953,Sa–Sab,3.27,0.213,597.23,0.000,0.8788
UGC02953,Sa–Sab,3.35,0.215,576.98,0.000,0.8906
UGC02953,Sa–Sab,3.43,0.216,556.54,0.000,0.8944
UGC02953,Sa–Sab,4.21,0.229,419.83,0.000,0.9812
UGC02953,Sa–Sab,4.29,0.230,408.90,0.000,0.9972
UGC02953,Sa–Sab,4.38,0.232,397.09,0.000,1.0044
UGC02953,Sa–Sab,4.47,0.233,385.77,0.000,1.0208
UGC02953,Sa–Sab,4.80,0.239,349.35,0.000,1.0612
UGC02953,Sa–Sab,5.25,0.245,309.14,0.000,1.1056
UGC02953,Sa–Sab,5.32,0.246,302.75,0.000,1.1228
UGC02953,Sa–Sab,5.41,0.247,294.57,0.000,1.1302
UGC02953,Sa–Sab,5.50,0.248,286.44,0.000,1.1382
UGC02953,Sa–Sab,5.58,0.249,279.30,0.000,1.1473
UGC02953,Sa–Sab,5.67,0.251,271.83,0.000,1.1581
UGC02953,Sa–Sab,5.76,0.252,264.59,0.000,1.1676
UGC02953,Sa–Sab,6.00,0.256,246.35,0.000,1.1969
UGC02953,Sa–Sab,6.18,0.258,234.16,0.000,1.2076
UGC02953,Sa–Sab,6.27,0.259,229.24,0.000,1.2180
UGC02953,Sa–Sab,6.36,0.261,224.81,0.000,1.2281
UGC02953,Sa–Sab,6.45,0.262,220.85,0.000,1.2379
UGC02953,Sa–Sab,6.53,0.263,217.74,0.000,1.2372
UGC02953,Sa–Sab,6.61,0.264,215.00,0.000,1.2461
UGC02953,Sa–Sab,6.70,0.265,212.38,0.000,1.2541
UGC02953,Sa–Sab,6.79,0.265,208.74,0.000,1.2507
UGC02953,Sa–Sab,6.87,0.266,204.09,0.000,1.2606
UGC02953,Sa–Sab,6.96,0.267,198.56,0.000,1.2576
UGC02953,Sa–Sab,7.05,0.268,192.69,0.000,1.2653
UGC02953,Sa–Sab,7.20,0.269,182.19,0.000,1.2734
UGC02953,Sa–Sab,7.39,0.271,167.55,0.000,1.2854
UGC02953,Sa–Sab,7.47,0.273,162.66,0.000,1.2881
UGC02953,Sa–Sab,7.99,0.282,144.38,0.000,1.3318
UGC02953,Sa–Sab,8.08,0.283,142.62,0.000,1.3344
UGC02953,Sa–Sab,8.16,0.284,141.40,0.000,1.3373
UGC02953,Sa–Sab,8.25,0.285,138.44,0.000,1.3487
UGC02953,Sa–Sab,8.34,0.286,135.47,0.000,1.3494
UGC02953,Sa–Sab,8.40,0.287,133.47,0.000,1.3499
UGC02953,Sa–Sab,9.59,0.303,97.62,0.001,1.3842
UGC02953,Sa–Sab,10.80,0.319,77.69,0.003,1.4086
UGC02953,Sa–Sab,12.02,0.329,59.44,0.006,1.3623
UGC02953,Sa–Sab,13.22,0.341,41.20,0.010,1.3421
UGC03205,Sa–Sab,0.28,0.000,4369.48,0.000,1.9253
UGC03205,Sa–Sab,0.55,0.200,2593.98,0.000,0.7382
UGC03205,Sa–Sab,0.83,0.217,1603.62,0.000,0.6645
UGC03205,Sa–Sab,1.39,0.250,874.04,0.000,0.7725
UGC03205,Sa–Sab,1.65,0.257,692.41,0.000,0.8537
UGC03205,Sa–Sab,3.04,0.316,242.21,0.000,1.3453
UGC03205,Sa–Sab,3.32,0.326,234.19,0.000,1.4598
UGC03205,Sa–Sab,3.59,0.333,228.85,0.000,1.5411
UGC03205,Sa–Sab,3.87,0.337,225.83,0.000,1.5838
UGC03205,Sa–Sab,4.15,0.336,222.76,0.000,1.5921
UGC03205,Sa–Sab,4.43,0.335,208.79,0.000,1.5747
UGC03205,Sa–Sab,4.70,0.334,193.84,0.000,1.5711
UGC03205,Sa–Sab,4.97,0.335,178.79,0.000,1.5640
UGC03205,Sa–Sab,5.25,0.337,169.73,0.000,1.5434
UGC03205,Sa–Sab,5.52,0.337,162.23,0.000,1.5124
UGC03205,Sa–Sab,5.80,0.335,151.90,0.000,1.4777
UGC03205,Sa–Sab,6.08,0.335,140.54,0.000,1.4330
UGC03205,Sa–Sab,6.36,0.334,128.06,0.000,1.3931
UGC03205,Sa–Sab,6.63,0.335,115.93,0.000,1.3526
UGC03205,Sa–Sab,6.91,0.337,104.76,0.000,1.3350
UGC03205,Sa–Sab,7.19,0.340,94.31,0.000,1.3091
UGC03205,Sa–Sab,7.27,0.341,91.66,0.000,1.2924
UGC03205,Sa–Sab,7.46,0.343,85.78,0.000,1.2905
UGC03546,Sa–Sab,0.63,0.000,3468.17,0.000,0.6269
UGC03546,Sa–Sab,0.79,0.032,1927.69,0.000,0.5998
UGC03546,Sa–Sab,0.95,0.046,1278.00,0.000,0.6037
UGC03546,Sa–Sab,1.11,0.058,956.42,0.000,0.6154
UGC03546,Sa–Sab,1.27,0.070,764.95,0.000,0.6247
UGC03546,Sa–Sab,1.43,0.081,672.68,0.000,0.6476
UGC03546,Sa–Sab,1.59,0.091,627.14,0.000,0.6624
UGC03546,Sa–Sab,1.90,0.110,533.36,0.000,0.7037
UGC03546,Sa–Sab,2.06,0.118,493.72,0.000,0.7204
UGC03546,Sa–Sab,2.22,0.126,453.74,0.000,0.7409
UGC03546,Sa–Sab,2.38,0.133,414.48,0.000,0.7504
UGC03546,Sa–Sab,2.79,0.150,304.46,0.000,0.7655
UGC03546,Sa–Sab,2.86,0.152,289.28,0.000,0.7698
UGC03546,Sa–Sab,3.02,0.158,256.80,0.000,0.7720
UGC03546,Sa–Sab,4.17,0.204,105.17,0.000,0.7406
UGC03546,Sa–Sab,5.56,0.257,64.42,0.000,0.7238
UGC03546,Sa–Sab,6.96,0.297,47.31,0.000,0.8088
UGC03546,Sa–Sab,8.35,0.330,36.63,0.000,0.9890
UGC03580,Sa–Sab,0.11,0.000,3444.34,0.000,2.2303
UGC03580,Sa–Sab,0.23,0.253,2241.49,0.000,0.6513
UGC03580,Sa–Sab,0.34,0.250,1488.47,0.000,0.4774
UGC03580,Sa–Sab,0.46,0.255,1008.40,0.000,0.3619
UGC03580,Sa–Sab,0.57,0.269,777.13,0.000,0.2880
UGC03580,Sa–Sab,0.69,0.280,634.20,0.000,0.1999
UGC03580,Sa–Sab,0.80,0.285,518.13,0.000,0.1394
UGC03580,Sa–Sab,0.92,0.291,424.05,0.000,0.0942
UGC03580,Sa–Sab,1.03,0.293,329.37,0.000,0.0656
UGC03580,Sa–Sab,1.14,0.298,264.32,0.000,0.0503
UGC03580,Sa–Sab,1.26,0.304,207.29,0.000,0.0428
UGC03580,Sa–Sab,1.37,0.311,164.08,0.001,0.0439
UGC03580,Sa–Sab,1.49,0.320,136.85,0.001,0.0524
UGC03580,Sa–Sab,1.61,0.328,119.37,0.001,0.0674
UGC03580,Sa–Sab,1.71,0.335,107.47,0.002,0.0873
UGC03580,Sa–Sab,1.83,0.343,94.03,0.002,0.1129
UGC05253,Sa–Sab,0.13,0.000,24542.97,0.000,3.4118
UGC05253,Sa–Sab,0.25,0.104,14593.89,0.000,1.4700
UGC05253,Sa–Sab,0.38,0.112,9056.97,0.000,1.0796
UGC05253,Sa–Sab,0.51,0.120,6421.64,0.000,0.9433
UGC05253,Sa–Sab,0.63,0.127,4898.34,0.000,0.8839
UGC05253,Sa–Sab,0.76,0.136,3870.70,0.000,0.8586
UGC05253,Sa–Sab,0.89,0.145,3160.24,0.000,0.8454
UGC05253,Sa–Sab,1.01,0.151,2680.70,0.000,0.8322
UGC05253,Sa–Sab,1.14,0.158,2250.84,0.000,0.8273
UGC05253,Sa–Sab,1.27,0.166,1967.15,0.000,0.8253
UGC05253,Sa–Sab,1.39,0.171,1756.58,0.000,0.8226
UGC05253,Sa–Sab,1.52,0.177,1520.34,0.000,0.8238
UGC05253,Sa–Sab,1.65,0.183,1360.67,0.000,0.8222
UGC05253,Sa–Sab,1.77,0.188,1247.49,0.000,0.8306
UGC05253,Sa–Sab,1.90,0.194,1147.13,0.000,0.8387
UGC05253,Sa–Sab,2.03,0.199,1062.94,0.000,0.8370
UGC05253,Sa–Sab,2.16,0.204,995.61,0.000,0.8340
UGC05253,Sa–Sab,2.28,0.208,936.31,0.000,0.8377
UGC05253,Sa–Sab,2.41,0.211,871.07,0.000,0.8300
UGC05253,Sa–Sab,2.54,0.214,802.75,0.000,0.8293
UGC05253,Sa–Sab,2.66,0.217,740.88,0.000,0.8208
UGC05253,Sa–Sab,2.79,0.219,675.42,0.001,0.8115
UGC05253,Sa–Sab,2.92,0.221,614.91,0.001,0.8126
UGC05253,Sa–Sab,3.04,0.224,562.12,0.001,0.8064
UGC05253,Sa–Sab,3.17,0.226,508.48,0.001,0.8012
UGC05253,Sa–Sab,3.30,0.228,462.74,0.001,0.7976
UGC05253,Sa–Sab,3.42,0.231,427.23,0.001,0.7957
UGC05253,Sa–Sab,3.55,0.233,393.44,0.001,0.8037
UGC05253,Sa–Sab,3.68,0.236,356.94,0.001,0.8014
UGC05253,Sa–Sab,3.80,0.238,323.76,0.001,0.8009
UGC05253,Sa–Sab,3.93,0.240,293.50,0.001,0.8020
UGC05253,Sa–Sab,4.06,0.243,266.05,0.001,0.8038
UGC05253,Sa–Sab,4.18,0.245,244.07,0.001,0.8068
UGC05253,Sa–Sab,4.31,0.248,223.99,0.002,0.8109
UGC05253,Sa–Sab,4.44,0.251,205.50,0.002,0.8153
UGC05253,Sa–Sab,4.56,0.254,190.29,0.002,0.8202
UGC05253,Sa–Sab,4.69,0.257,176.48,0.002,0.8261
UGC05253,Sa–Sab,4.82,0.260,164.52,0.002,0.8322
UGC05253,Sa–Sab,4.94,0.262,153.52,0.002,0.8383
UGC05253,Sa–Sab,4.99,0.264,149.54,0.002,0.8409
UGC05253,Sa–Sab,5.07,0.266,143.78,0.002,0.8453
UGC05253,Sa–Sab,5.20,0.269,135.70,0.003,0.8528
UGC05253,Sa–Sab,5.45,0.275,122.13,0.003,0.8573
UGC05253,Sa–Sab,5.58,0.278,115.64,0.003,0.8657
UGC05253,Sa–Sab,5.70,0.281,109.91,0.003,0.8736
UGC05253,Sa–Sab,5.83,0.284,104.06,0.003,0.8833
UGC05253,Sa–Sab,6.47,0.300,91.11,0.005,0.9260
UGC05253,Sa–Sab,6.59,0.302,89.24,0.005,0.9217
UGC05253,Sa–Sab,6.66,0.304,88.23,0.005,0.9252
UGC05253,Sa–Sab,6.72,0.305,87.39,0.005,0.9286
UGC05253,Sa–Sab,6.85,0.308,85.70,0.006,0.9346
UGC05253,Sa–Sab,6.97,0.310,84.25,0.006,0.9397
UGC05253,Sa–Sab,7.10,0.312,82.51,0.006,0.9449
UGC05253,Sa–Sab,7.23,0.314,80.46,0.006,0.9494
UGC05253,Sa–Sab,8.32,0.332,60.71,0.009,0.9859
UGC06614,Sa–Sab,3.23,0.000,299.06,0.000,0.8582
UGC06787,Sa–Sab,0.12,0.000,35845.36,0.000,0.7990
UGC06787,Sa–Sab,0.24,0.078,19705.42,0.000,0.7113
UGC06787,Sa–Sab,0.35,0.085,11995.16,0.000,0.8510
UGC06787,Sa–Sab,0.47,0.094,7874.22,0.000,0.9155
UGC06787,Sa–Sab,0.59,0.103,5605.29,0.000,0.9168
UGC06787,Sa–Sab,0.71,0.111,4217.24,0.000,0.8692
UGC06787,Sa–Sab,0.83,0.119,3360.24,0.000,0.8360
UGC06787,Sa–Sab,0.94,0.127,2841.56,0.000,0.8145
UGC06787,Sa–Sab,1.06,0.133,2393.11,0.000,0.7999
UGC06787,Sa–Sab,1.18,0.139,1994.51,0.000,0.7981
UGC06787,Sa–Sab,1.30,0.144,1668.10,0.000,0.7915
UGC06787,Sa–Sab,1.42,0.149,1373.05,0.000,0.7785
UGC06787,Sa–Sab,1.53,0.154,1175.99,0.000,0.7613
UGC06787,Sa–Sab,1.66,0.159,969.47,0.000,0.6938
UGC06787,Sa–Sab,1.89,0.168,688.11,0.000,0.5935
UGC06787,Sa–Sab,2.01,0.173,578.32,0.000,0.5463
UGC06787,Sa–Sab,2.13,0.178,491.17,0.000,0.5206
UGC06787,Sa–Sab,2.24,0.183,425.96,0.000,0.5152
UGC06787,Sa–Sab,3.10,0.219,160.31,0.000,0.7209
UGC06787,Sa–Sab,3.79,0.248,104.10,0.000,0.9002
UGC06787,Sa–Sab,3.90,0.253,99.51,0.000,0.9183
UGC06787,Sa–Sab,4.14,0.262,91.36,0.000,0.9656
UGC06787,Sa–Sab,4.25,0.266,88.39,0.000,0.9825
UGC06787,Sa–Sab,4.37,0.271,85.62,0.000,1.0004
UGC06787,Sa–Sab,4.49,0.275,83.22,0.000,1.0176
UGC06787,Sa–Sab,4.61,0.279,80.92,0.000,1.0345
UGC06787,Sa–Sab,4.72,0.283,79.02,0.000,1.0372
UGC06787,Sa–Sab,5.16,0.297,72.05,0.000,1.0762
UGC06787,Sa–Sab,5.43,0.304,67.55,0.000,1.0902
UGC06787,Sa–Sab,5.56,0.307,64.94,0.000,1.0891
UGC06787,Sa–Sab,5.67,0.310,62.57,0.001,1.0991
UGC06787,Sa–Sab,5.79,0.313,59.83,0.001,1.1102
UGC06787,Sa–Sab,5.91,0.317,56.94,0.001,1.1101
UGC06787,Sa–Sab,6.03,0.320,54.51,0.002,1.1221
UGC06787,Sa–Sab,6.20,0.324,51.66,0.002,1.1384
UGC06787,Sa–Sab,6.50,0.332,47.52,0.003,1.1816
UGC06787,Sa–Sab,6.85,0.340,43.52,0.004,1.2421
UGC06787,Sa–Sab,6.98,0.343,42.27,0.005,1.2683
UGC06787,Sa–Sab,7.09,0.346,41.33,0.005,1.2769
UGC06787,Sa–Sab,7.21,0.348,40.33,0.006,1.3011
UGC06787,Sa–Sab,7.22,0.348,40.19,0.006,1.3172
UGC08699,Sa–Sab,0.22,0.001,12651.75,0.000,1.2952
UGC08699,Sa–Sab,0.43,0.109,5966.93,0.000,0.5979
UGC08699,Sa–Sab,0.65,0.120,2406.96,0.000,0.5579
UGC08699,Sa–Sab,0.87,0.136,1168.11,0.000,0.6282
UGC08699,Sa–Sab,1.08,0.153,684.90,0.000,0.7281
UGC08699,Sa–Sab,1.31,0.170,413.68,0.001,0.8220
UGC08699,Sa–Sab,1.52,0.186,293.64,0.001,0.9188
UGC08699,Sa–Sab,1.73,0.202,248.10,0.001,0.9844
UGC08699,Sa–Sab,1.96,0.217,216.69,0.002,1.0449
UGC08699,Sa–Sab,2.17,0.229,187.29,0.002,1.0623
UGC08699,Sa–Sab,2.39,0.240,152.51,0.003,1.0503
UGC08699,Sa–Sab,2.60,0.251,121.73,0.003,1.0470
UGC08699,Sa–Sab,2.83,0.264,95.31,0.004,1.0395
UGC08699,Sa–Sab,3.04,0.277,77.75,0.004,1.0138
UGC09133,Sa–Sab,0.32,0.000,14580.49,0.000,3.1523
UGC09133,Sa–Sab,0.63,0.111,7767.87,0.000,1.1788
UGC09133,Sa–Sab,0.95,0.124,4352.61,0.000,0.9172
UGC09133,Sa–Sab,1.26,0.137,2871.80,0.000,0.8367
UGC09133,Sa–Sab,1.58,0.148,1993.39,0.000,0.8036
UGC09133,Sa–Sab,1.89,0.159,1484.45,0.000,0.7896
UGC09133,Sa–Sab,2.21,0.170,1153.13,0.000,0.7901
UGC09133,Sa–Sab,2.52,0.181,940.74,0.000,0.7959
UGC09133,Sa–Sab,2.84,0.191,815.16,0.001,0.8036
UGC09133,Sa–Sab,3.15,0.199,733.50,0.001,0.8046
UGC09133,Sa–Sab,3.47,0.204,628.70,0.001,0.7938
UGC09133,Sa–Sab,3.79,0.209,510.77,0.001,0.7831
UGC09133,Sa–Sab,4.10,0.214,419.35,0.001,0.7851
UGC09133,Sa–Sab,4.42,0.219,333.02,0.001,0.7858
UGC09133,Sa–Sab,4.73,0.225,278.27,0.002,0.7934
UGC09133,Sa–Sab,5.05,0.231,238.09,0.002,0.8144
UGC09133,Sa–Sab,5.36,0.238,213.23,0.002,0.8382
UGC09133,Sa–Sab,5.68,0.245,194.90,0.003,0.8546
UGC09133,Sa–Sab,5.99,0.252,182.17,0.003,0.8778
UGC09133,Sa–Sab,6.31,0.258,171.97,0.003,0.8995
UGC09133,Sa–Sab,6.62,0.263,163.97,0.004,0.9078
UGC09133,Sa–Sab,6.94,0.267,153.43,0.004,0.9226
UGC09133,Sa–Sab,7.57,0.276,128.82,0.005,0.9434
UGC09133,Sa–Sab,7.89,0.281,113.87,0.005,0.9633
UGC09133,Sa–Sab,8.20,0.286,104.56,0.006,0.9776
UGC09133,Sa–Sab,8.31,0.288,102.13,0.006,0.9921
UGC09133,Sa–Sab,8.52,0.291,98.58,0.007,1.0001
UGC09133,Sa–Sab,8.83,0.296,93.71,0.007,1.0098
UGC09133,Sa–Sab,9.15,0.300,85.67,0.008,1.0202
UGC09133,Sa–Sab,9.78,0.310,69.49,0.009,1.0576
UGC09133,Sa–Sab,10.10,0.316,63.63,0.010,1.0757
UGC09133,Sa–Sab,11.04,0.332,51.41,0.012,1.1208
UGC09133,Sa–Sab,11.36,0.338,48.62,0.013,1.1395
UGC09133,Sa–Sab,11.67,0.343,46.47,0.014,1.1567
UGC11914,Sa–Sab,0.28,0.000,9696.29,0.000,0.8758
UGC11914,Sa–Sab,0.37,0.077,7533.75,0.000,0.8986
UGC11914,Sa–Sab,0.47,0.102,6053.56,0.000,0.9705
UGC11914,Sa–Sab,0.56,0.116,5139.40,0.000,1.0436
UGC11914,Sa–Sab,0.65,0.127,4506.63,0.000,1.1336
UGC11914,Sa–Sab,0.75,0.136,4028.70,0.000,1.1868
UGC11914,Sa–Sab,0.84,0.141,3657.62,0.000,1.2243
UGC11914,Sa–Sab,0.93,0.144,3242.95,0.000,1.2448
UGC11914,Sa–Sab,1.03,0.147,2799.96,0.000,1.2449
UGC11914,Sa–Sab,1.12,0.150,2466.83,0.000,1.2530
UGC11914,Sa–Sab,1.21,0.152,2166.33,0.000,1.2605
UGC11914,Sa–Sab,1.30,0.155,1922.14,0.000,1.2679
UGC11914,Sa–Sab,1.41,0.158,1682.63,0.000,1.2678
UGC11914,Sa–Sab,1.50,0.161,1522.25,0.000,1.2688
UGC11914,Sa–Sab,1.59,0.164,1380.51,0.000,1.2636
UGC11914,Sa–Sab,1.68,0.167,1262.41,0.000,1.2625
UGC11914,Sa–Sab,1.78,0.170,1155.36,0.000,1.2636
UGC11914,Sa–Sab,1.87,0.173,1079.69,0.000,1.2579
UGC11914,Sa–Sab,1.96,0.176,1017.32,0.000,1.2424
UGC11914,Sa–Sab,2.05,0.179,957.40,0.000,1.2359
UGC11914,Sa–Sab,2.16,0.182,888.72,0.000,1.2284
UGC11914,Sa–Sab,2.25,0.184,841.35,0.000,1.2126
UGC11914,Sa–Sab,2.34,0.186,800.09,0.000,1.2067
UGC11914,Sa–Sab,2.43,0.188,760.56,0.000,1.1996
UGC11914,Sa–Sab,2.46,0.189,744.73,0.000,1.1967
UGC11914,Sa–Sab,2.53,0.190,709.79,0.000,1.1905
UGC11914,Sa–Sab,2.62,0.192,668.59,0.000,1.1831
UGC11914,Sa–Sab,2.71,0.194,624.25,0.000,1.1752
UGC11914,Sa–Sab,2.80,0.195,579.71,0.000,1.1686
UGC11914,Sa–Sab,2.99,0.199,501.90,0.000,1.1598
UGC11914,Sa–Sab,3.28,0.204,412.09,0.000,1.1651
UGC11914,Sa–Sab,3.74,0.214,311.85,0.000,1.1854
UGC11914,Sa–Sab,3.83,0.216,297.76,0.000,1.1891
UGC11914,Sa–Sab,4.02,0.221,270.23,0.000,1.1968
UGC11914,Sa–Sab,4.09,0.222,260.55,0.000,1.2001
UGC11914,Sa–Sab,4.12,0.223,256.51,0.001,1.2016
UGC11914,Sa–Sab,4.30,0.227,233.55,0.001,1.2017
UGC11914,Sa–Sab,4.39,0.229,223.49,0.001,1.2080
UGC11914,Sa–Sab,4.49,0.231,213.15,0.001,1.2147
UGC11914,Sa–Sab,4.58,0.233,204.55,0.001,1.2106
UGC11914,Sa–Sab,4.87,0.240,180.21,0.002,1.2212
UGC11914,Sa–Sab,4.91,0.241,177.14,0.002,1.2135
UGC11914,Sa–Sab,4.96,0.242,173.45,0.002,1.2173
UGC11914,Sa–Sab,5.05,0.245,167.10,0.002,1.2129
UGC11914,Sa–Sab,5.14,0.247,161.17,0.003,1.2196
UGC11914,Sa–Sab,5.24,0.249,154.95,0.003,1.2161
UGC11914,Sa–Sab,5.33,0.251,149.69,0.003,1.2229
UGC11914,Sa–Sab,5.42,0.253,144.75,0.004,1.2184
UGC11914,Sa–Sab,5.51,0.255,140.16,0.004,1.2251
UGC11914,Sa–Sab,5.61,0.257,135.45,0.005,1.2208
UGC11914,Sa–Sab,5.71,0.259,131.13,0.005,1.2267
UGC11914,Sa–Sab,5.80,0.261,126.94,0.006,1.2209
UGC11914,Sa–Sab,5.89,0.263,122.88,0.006,1.2264
UGC11914,Sa–Sab,5.98,0.265,118.95,0.007,1.2316
UGC11914,Sa–Sab,6.08,0.267,114.72,0.008,1.2375
UGC11914,Sa–Sab,6.15,0.268,111.86,0.008,1.2413
UGC11914,Sa–Sab,6.17,0.268,111.06,0.008,1.2422
UGC11914,Sa–Sab,6.26,0.270,107.51,0.009,1.2472
UGC11914,Sa–Sab,6.35,0.272,103.91,0.010,1.2522
UGC11914,Sa–Sab,6.73,0.279,89.17,0.013,1.2867
UGC11914,Sa–Sab,6.83,0.281,85.47,0.013,1.2934
UGC11914,Sa–Sab,6.92,0.283,82.21,0.014,1.3115
UGC11914,Sa–Sab,7.37,0.292,68.39,0.017,1.3838
UGC11914,Sa–Sab,8.60,0.320,38.84,0.023,1.6471
ESO079-G014,Sb–Sbc,0.41,0.108,227.64,0.012,2.4795
ESO563-G021,Sb–Sbc,0.45,0.000,1048.17,0.000,0.1681
IC4202,Sb–Sbc,0.77,0.005,2042.67,0.000,0.0911
IC4202,Sb–Sbc,2.36,0.279,479.55,0.001,0.1722
IC4202,Sb–Sbc,3.13,0.313,394.28,0.000,0.5735
IC4202,Sb–Sbc,3.95,0.327,275.88,0.000,0.9739
IC4202,Sb–Sbc,4.73,0.331,196.86,0.000,1.0471
IC4202,Sb–Sbc,5.50,0.346,146.22,0.000,1.0923
NGC0289,Sb–Sbc,1.50,0.011,696.20,0.001,1.6657
NGC0289,Sb–Sbc,2.52,0.193,342.31,0.001,1.2268
NGC0289,Sb–Sbc,3.46,0.256,195.31,0.002,0.9684
NGC0289,Sb–Sbc,4.32,0.274,149.97,0.002,1.0252
NGC0289,Sb–Sbc,5.43,0.295,74.05,0.001,0.8262
NGC0289,Sb–Sbc,6.38,0.325,34.22,0.001,0.7627
NGC0891,Sb–Sbc,0.92,0.000,2372.57,0.000,1.0359
NGC0891,Sb–Sbc,2.32,0.154,998.70,0.000,0.3975
NGC0891,Sb–Sbc,3.24,0.168,453.68,0.000,0.4383
NGC0891,Sb–Sbc,4.17,0.200,199.27,0.000,0.5522
NGC0891,Sb–Sbc,5.10,0.231,135.82,0.000,0.6084
NGC0891,Sb–Sbc,6.03,0.258,91.64,0.000,0.6832
NGC0891,Sb–Sbc,6.96,0.279,65.83,0.000,0.7284
NGC0891,Sb–Sbc,7.89,0.302,51.13,0.001,0.8083
NGC0891,Sb–Sbc,8.80,0.317,30.43,0.007,0.8412
NGC0891,Sb–Sbc,9.73,0.342,17.61,0.018,0.9265
NGC1090,Sb–Sbc,0.35,0.000,770.22,0.000,0.3677
NGC2683,Sb–Sbc,2.89,0.017,377.69,0.002,1.3319
NGC2683,Sb–Sbc,5.77,0.255,74.86,0.015,1.1778
NGC2841,Sb–Sbc,3.44,0.000,289.47,0.000,1.5182
NGC2841,Sb–Sbc,3.77,0.063,272.53,0.000,1.6484
NGC2841,Sb–Sbc,4.13,0.091,254.97,0.000,1.7360
NGC2841,Sb–Sbc,4.47,0.111,233.52,0.000,1.7903
NGC2841,Sb–Sbc,4.80,0.128,219.56,0.000,1.8187
NGC2841,Sb–Sbc,5.13,0.143,206.61,0.000,1.7893
NGC2841,Sb–Sbc,5.48,0.156,191.99,0.000,1.8443
NGC2841,Sb–Sbc,5.83,0.169,176.31,0.000,1.9189
NGC2841,Sb–Sbc,6.16,0.180,170.37,0.000,1.9380
NGC2841,Sb–Sbc,6.51,0.188,164.66,0.000,1.9266
NGC2841,Sb–Sbc,6.86,0.196,150.44,0.001,1.9291
NGC2841,Sb–Sbc,7.18,0.203,138.35,0.003,1.9546
NGC2841,Sb–Sbc,7.51,0.209,129.88,0.006,1.8826
NGC2841,Sb–Sbc,7.85,0.215,120.64,0.009,1.8819
NGC2841,Sb–Sbc,8.21,0.221,107.27,0.013,1.9012
NGC2841,Sb–Sbc,8.57,0.227,93.53,0.016,1.9255
NGC2841,Sb–Sbc,8.90,0.233,83.83,0.019,1.9025
NGC2841,Sb–Sbc,9.24,0.240,75.21,0.022,1.9458
NGC2841,Sb–Sbc,9.60,0.248,68.06,0.026,1.9659
NGC2841,Sb–Sbc,9.93,0.254,63.19,0.030,1.9634
NGC2841,Sb–Sbc,10.27,0.259,59.35,0.034,1.9546
NGC2841,Sb–Sbc,10.60,0.264,54.08,0.038,1.9902
NGC2841,Sb–Sbc,10.93,0.269,48.66,0.042,1.9814
NGC2841,Sb–Sbc,11.27,0.274,43.03,0.047,1.9755
NGC2841,Sb–Sbc,12.31,0.292,30.38,0.065,2.0608
NGC2841,Sb–Sbc,14.35,0.330,15.18,0.086,2.2172
NGC2903,Sb–Sbc,0.32,0.000,3696.78,0.000,0.0989
NGC2903,Sb–Sbc,0.64,0.152,1501.04,0.000,0.0166
NGC2903,Sb–Sbc,0.96,0.190,1205.90,0.000,0.5150
NGC2903,Sb–Sbc,1.28,0.208,947.74,0.000,0.6495
NGC2903,Sb–Sbc,1.60,0.224,812.82,0.000,0.6772
NGC2903,Sb–Sbc,1.92,0.236,737.11,0.001,1.0162
NGC2903,Sb–Sbc,2.24,0.228,746.53,0.002,0.9070
NGC2903,Sb–Sbc,2.56,0.210,685.65,0.003,0.7719
NGC2903,Sb–Sbc,2.88,0.207,504.98,0.004,0.8094
NGC2903,Sb–Sbc,3.20,0.207,353.39,0.006,0.7570
NGC2903,Sb–Sbc,3.52,0.216,238.40,0.007,0.7563
NGC2903,Sb–Sbc,3.84,0.231,182.76,0.010,0.8022
NGC2903,Sb–Sbc,4.80,0.261,97.58,0.016,0.8414
NGC2903,Sb–Sbc,5.76,0.296,41.56,0.020,0.9001
NGC2903,Sb–Sbc,6.72,0.333,25.33,0.022,0.9676
NGC2955,Sb–Sbc,0.75,0.000,3824.51,0.000,1.4244
NGC2955,Sb–Sbc,1.55,0.208,2060.54,0.000,0.8475
NGC2955,Sb–Sbc,2.30,0.225,1438.19,0.000,0.8628
NGC2955,Sb–Sbc,3.06,0.223,946.22,0.000,0.8596
NGC2955,Sb–Sbc,3.85,0.229,574.65,0.002,0.6903
NGC2955,Sb–Sbc,4.61,0.239,390.47,0.006,0.6898
NGC2955,Sb–Sbc,5.36,0.250,284.63,0.010,0.8098
NGC2955,Sb–Sbc,6.12,0.262,230.89,0.014,0.7995
NGC2955,Sb–Sbc,6.91,0.273,194.52,0.016,0.7265
NGC2955,Sb–Sbc,7.66,0.280,160.92,0.017,0.5918
NGC2955,Sb–Sbc,8.42,0.290,118.30,0.017,0.6111
NGC2955,Sb–Sbc,8.86,0.297,100.46,0.018,0.7944
NGC2955,Sb–Sbc,9.21,0.303,90.58,0.018,0.6977
NGC2955,Sb–Sbc,10.82,0.329,65.76,0.021,0.7237
NGC2955,Sb–Sbc,11.56,0.341,56.18,0.024,0.9277
NGC3521,Sb–Sbc,0.51,0.000,2796.42,0.000,1.0691
NGC3521,Sb–Sbc,0.69,0.119,2181.72,0.000,0.9906
NGC3521,Sb–Sbc,0.86,0.142,1837.57,0.000,1.0479
NGC3521,Sb–Sbc,1.03,0.153,1404.14,0.000,1.0257
NGC3521,Sb–Sbc,1.20,0.167,1075.25,0.000,0.9669
NGC3521,Sb–Sbc,1.38,0.179,1016.76,0.000,1.0210
NGC3521,Sb–Sbc,1.55,0.188,923.32,0.000,1.0222
NGC3521,Sb–Sbc,1.71,0.191,834.39,0.000,1.0029
NGC3521,Sb–Sbc,1.89,0.196,752.61,0.000,0.9878
NGC3521,Sb–Sbc,2.06,0.196,689.47,0.000,0.9785
NGC3521,Sb–Sbc,2.23,0.198,587.51,0.000,1.0234
NGC3521,Sb–Sbc,2.41,0.203,463.04,0.000,0.9660
NGC3521,Sb–Sbc,2.58,0.211,415.28,0.000,0.9507
NGC3521,Sb–Sbc,2.75,0.217,384.82,0.000,0.9347
NGC3521,Sb–Sbc,2.92,0.223,363.81,0.000,0.8950
NGC3521,Sb–Sbc,3.09,0.225,341.24,0.000,0.9223
NGC3521,Sb–Sbc,3.26,0.228,316.80,0.000,0.8956
NGC3521,Sb–Sbc,3.43,0.229,287.91,0.000,0.8631
NGC3521,Sb–Sbc,3.61,0.233,261.54,0.000,0.8848
NGC3521,Sb–Sbc,3.78,0.234,240.99,0.002,0.8873
NGC3521,Sb–Sbc,3.95,0.236,215.32,0.003,0.8968
NGC3521,Sb–Sbc,4.12,0.237,184.82,0.004,0.8953
NGC3521,Sb–Sbc,4.29,0.241,155.11,0.005,0.8755
NGC3521,Sb–Sbc,4.46,0.245,129.01,0.006,0.9028
NGC3521,Sb–Sbc,4.64,0.252,104.11,0.008,0.9214
NGC3521,Sb–Sbc,4.81,0.259,88.75,0.010,0.8964
NGC3521,Sb–Sbc,4.98,0.266,78.86,0.011,0.9689
NGC3521,Sb–Sbc,5.15,0.273,71.72,0.012,0.9674
NGC3521,Sb–Sbc,5.32,0.280,64.49,0.012,0.9294
NGC3521,Sb–Sbc,5.49,0.286,59.18,0.013,0.9768
NGC3521,Sb–Sbc,5.67,0.293,54.49,0.014,1.0131
NGC3521,Sb–Sbc,5.84,0.298,50.14,0.014,0.9278
NGC3521,Sb–Sbc,6.01,0.304,46.53,0.015,0.9996
NGC3521,Sb–Sbc,6.19,0.309,42.97,0.016,1.0316
NGC3521,Sb–Sbc,6.35,0.314,38.90,0.017,1.0911
NGC3521,Sb–Sbc,6.64,0.324,31.13,0.019,1.0383
NGC3769,Sb–Sbc,1.74,0.065,181.57,0.017,0.8747
NGC3769,Sb–Sbc,3.50,0.321,53.08,0.050,0.6783
NGC3949,Sb–Sbc,1.74,0.019,375.92,0.002,1.1548
NGC3949,Sb–Sbc,2.61,0.214,269.39,0.012,0.9426
NGC3949,Sb–Sbc,3.50,0.242,118.65,0.029,0.8066
NGC3949,Sb–Sbc,4.37,0.286,54.35,0.056,0.9122
NGC3949,Sb–Sbc,5.24,0.319,29.72,0.080,1.0235
NGC3953,Sb–Sbc,3.50,0.000,249.17,0.000,1.5726
NGC3953,Sb–Sbc,5.24,0.239,173.68,0.000,1.4055
NGC3953,Sb–Sbc,6.98,0.289,134.06,0.000,1.3704
NGC3953,Sb–Sbc,8.72,0.303,91.36,0.003,1.2271
NGC3953,Sb–Sbc,10.47,0.323,59.32,0.012,1.1427
NGC3953,Sb–Sbc,12.19,0.346,31.43,0.028,1.1110
NGC3972,Sb–Sbc,0.87,0.000,127.41,0.000,1.3505
NGC3992,Sb–Sbc,9.19,0.000,106.08,0.000,2.5857
NGC3992,Sb–Sbc,13.79,0.291,61.72,0.001,1.8769
NGC4013,Sb–Sbc,5.49,0.000,133.93,0.000,1.5294
NGC4013,Sb–Sbc,6.17,0.135,107.87,0.004,1.2539
NGC4013,Sb–Sbc,6.92,0.179,77.37,0.013,1.1436
NGC4013,Sb–Sbc,7.69,0.206,57.61,0.021,1.1080
NGC4013,Sb–Sbc,8.36,0.225,40.00,0.026,1.0973
NGC4013,Sb–Sbc,9.12,0.244,24.97,0.031,1.1145
NGC4013,Sb–Sbc,9.88,0.265,10.50,0.036,1.1336
NGC4013,Sb–Sbc,10.56,0.287,4.86,0.039,1.1712
NGC4013,Sb–Sbc,11.31,0.309,2.34,0.042,1.2485
NGC4013,Sb–Sbc,12.08,0.331,1.45,0.048,1.3585
NGC4013,Sb–Sbc,12.77,0.349,0.90,0.053,1.4512
NGC4051,Sb–Sbc,1.74,0.000,197.58,0.000,1.0252
NGC4051,Sb–Sbc,3.50,0.348,127.75,0.000,0.8640
NGC4088,Sb–Sbc,1.74,0.000,395.02,0.000,0.7667
NGC4088,Sb–Sbc,3.50,0.320,326.46,0.000,0.6672
NGC4088,Sb–Sbc,5.24,0.284,234.56,0.010,0.4979
NGC4088,Sb–Sbc,6.98,0.286,102.95,0.028,0.4930
NGC4088,Sb–Sbc,8.72,0.336,47.70,0.057,0.5472
NGC4100,Sb–Sbc,2.61,0.040,175.63,0.004,1.7598
NGC4100,Sb–Sbc,3.50,0.308,168.34,0.009,1.9308
NGC4100,Sb–Sbc,4.37,0.340,156.37,0.015,1.8755
NGC4100,Sb–Sbc,5.24,0.324,139.00,0.017,1.5771
NGC4100,Sb–Sbc,6.11,0.314,106.50,0.019,1.3692
NGC4100,Sb–Sbc,6.98,0.314,61.88,0.021,1.2612
NGC4100,Sb–Sbc,7.85,0.343,32.41,0.027,1.3494
NGC4157,Sb–Sbc,1.74,0.022,561.94,0.003,0.7536
NGC4157,Sb–Sbc,3.50,0.251,329.13,0.011,0.6278
NGC4157,Sb–Sbc,5.24,0.286,176.47,0.015,0.8340
NGC4157,Sb–Sbc,6.98,0.306,99.09,0.019,0.8295
NGC4157,Sb–Sbc,8.72,0.318,54.38,0.028,0.7526
NGC4217,Sb–Sbc,0.87,0.006,2847.96,0.001,0.1303
NGC4217,Sb–Sbc,1.74,0.221,1800.98,0.004,0.0036
NGC4217,Sb–Sbc,2.61,0.218,914.17,0.004,0.1589
NGC4217,Sb–Sbc,3.50,0.220,235.92,0.003,0.2078
NGC4217,Sb–Sbc,4.37,0.247,74.25,0.005,0.2890
NGC4217,Sb–Sbc,5.24,0.275,43.88,0.009,0.3288
NGC4217,Sb–Sbc,6.11,0.299,34.09,0.014,0.4407
NGC4217,Sb–Sbc,6.98,0.321,25.08,0.013,0.4891
NGC4217,Sb–Sbc,7.85,0.337,15.08,0.018,0.5489
NGC5005,Sb–Sbc,0.49,0.035,9128.44,0.092,0.9517
NGC5005,Sb–Sbc,0.98,0.119,2418.80,0.086,0.6829
NGC5005,Sb–Sbc,1.47,0.149,1195.67,0.074,0.6460
NGC5005,Sb–Sbc,1.97,0.175,983.92,0.066,0.7245
NGC5005,Sb–Sbc,2.46,0.190,785.90,0.062,0.7845
NGC5005,Sb–Sbc,2.95,0.200,580.90,0.080,0.7359
NGC5005,Sb–Sbc,3.44,0.209,433.94,0.093,0.8461
NGC5005,Sb–Sbc,3.93,0.222,321.75,0.090,0.8411
NGC5005,Sb–Sbc,4.42,0.236,280.37,0.083,0.8561
NGC5005,Sb–Sbc,4.92,0.246,241.19,0.077,0.8643
NGC5005,Sb–Sbc,5.74,0.260,193.71,0.070,0.8976
NGC5005,Sb–Sbc,6.56,0.272,139.44,0.066,0.9201
NGC5005,Sb–Sbc,7.37,0.286,104.41,0.066,0.9544
NGC5005,Sb–Sbc,8.19,0.298,84.54,0.068,0.9813
NGC5005,Sb–Sbc,9.01,0.308,62.27,0.069,0.9942
NGC5005,Sb–Sbc,9.83,0.321,40.35,0.070,1.0184
NGC5005,Sb–Sbc,10.65,0.338,24.64,0.069,1.0821
NGC5055,Sb–Sbc,0.72,0.003,2039.96,0.000,0.7663
NGC5055,Sb–Sbc,1.43,0.183,1043.96,0.000,0.6865
NGC5055,Sb–Sbc,2.16,0.208,748.55,0.000,0.6513
NGC5055,Sb–Sbc,2.87,0.218,448.99,0.001,0.6661
NGC5055,Sb–Sbc,3.59,0.248,309.04,0.001,0.6566
NGC5055,Sb–Sbc,4.30,0.266,259.09,0.001,0.6123
NGC5055,Sb–Sbc,5.03,0.278,209.14,0.002,0.6287
NGC5055,Sb–Sbc,5.75,0.286,173.56,0.005,0.6534
NGC5055,Sb–Sbc,6.46,0.290,131.19,0.009,0.6455
NGC5055,Sb–Sbc,7.18,0.304,102.75,0.013,0.6449
NGC5055,Sb–Sbc,7.91,0.317,80.44,0.018,0.6682
NGC5055,Sb–Sbc,8.62,0.329,64.56,0.022,0.6735
NGC5371,Sb–Sbc,1.45,0.000,789.73,0.000,1.6079
NGC5371,Sb–Sbc,2.88,0.227,362.56,0.000,1.4163
NGC5371,Sb–Sbc,4.33,0.286,293.33,0.000,1.2662
NGC5371,Sb–Sbc,5.78,0.316,215.58,0.000,1.0788
NGC5371,Sb–Sbc,7.22,0.346,178.02,0.000,1.0068
NGC5985,Sb–Sbc,3.54,0.000,170.20,0.000,3.2085
NGC5985,Sb–Sbc,4.23,0.207,149.31,0.000,3.2868
NGC5985,Sb–Sbc,4.97,0.281,143.26,0.000,3.8095
NGC5985,Sb–Sbc,5.74,0.324,136.22,0.000,3.9007
NGC5985,Sb–Sbc,6.47,0.349,129.91,0.000,3.7763
NGC6195,Sb–Sbc,1.33,0.000,2385.14,0.000,0.7531
NGC6195,Sb–Sbc,2.34,0.175,1120.27,0.000,0.9027
NGC6195,Sb–Sbc,3.33,0.213,715.07,0.000,0.8810
NGC6195,Sb–Sbc,4.34,0.237,470.68,0.000,0.7639
NGC6195,Sb–Sbc,5.35,0.257,354.00,0.000,0.7083
NGC6195,Sb–Sbc,6.34,0.270,262.45,0.000,0.6090
NGC6195,Sb–Sbc,7.34,0.281,188.31,0.000,0.5849
NGC6195,Sb–Sbc,8.32,0.294,137.86,0.000,0.7010
NGC6195,Sb–Sbc,9.34,0.309,115.99,0.004,0.7152
NGC6195,Sb–Sbc,10.38,0.321,98.97,0.012,0.6519
NGC6195,Sb–Sbc,11.36,0.332,82.65,0.022,0.7440
NGC6195,Sb–Sbc,12.34,0.345,73.96,0.035,0.6744
NGC6674,Sb–Sbc,2.50,0.000,343.14,0.000,1.5076
NGC6674,Sb–Sbc,7.49,0.322,141.07,0.000,2.1688
NGC7331,Sb–Sbc,2.67,0.000,1014.71,0.000,0.7692
NGC7331,Sb–Sbc,3.21,0.094,847.72,0.000,0.7001
NGC7331,Sb–Sbc,3.74,0.116,604.78,0.000,0.6848
NGC7331,Sb–Sbc,4.27,0.134,439.71,0.000,0.6670
NGC7331,Sb–Sbc,4.81,0.149,359.49,0.000,0.6803
NGC7331,Sb–Sbc,5.35,0.159,279.19,0.000,0.6871
NGC7331,Sb–Sbc,5.88,0.173,207.76,0.000,0.7018
NGC7331,Sb–Sbc,6.41,0.184,167.31,0.000,0.7140
NGC7331,Sb–Sbc,7.48,0.208,98.47,0.002,0.7611
NGC7331,Sb–Sbc,8.55,0.237,62.85,0.005,0.8315
NGC7331,Sb–Sbc,9.62,0.259,54.38,0.010,0.8208
NGC7331,Sb–Sbc,10.66,0.278,39.85,0.016,0.8577
NGC7331,Sb–Sbc,11.74,0.299,34.44,0.025,0.8958
NGC7331,Sb–Sbc,12.83,0.315,27.54,0.035,0.9058
NGC7331,Sb–Sbc,13.91,0.332,21.71,0.045,0.9166
NGC7331,Sb–Sbc,15.00,0.349,17.68,0.053,0.9089
F571-8,Sc–Scd,0.22,0.021,923.28,0.001,0.1883
F583-4,Sc–Scd,0.22,0.334,34.59,0.014,6.7233
NGC0024,Sc–Scd,0.21,0.125,205.38,0.013,1.5934
NGC0100,Sc–Scd,0.23,0.000,71.32,0.000,1.0078
NGC0801,Sc–Scd,1.17,0.006,1452.93,0.000,0.8907
NGC0801,Sc–Scd,1.56,0.182,1152.02,0.001,0.6856
NGC0801,Sc–Scd,1.96,0.208,935.14,0.001,1.2929
NGC0801,Sc–Scd,2.73,0.223,656.86,0.001,1.1962
NGC0801,Sc–Scd,3.52,0.234,412.80,0.001,1.1209
NGC1003,Sc–Scd,1.25,0.048,87.86,0.003,1.3064
NGC2403,Sc–Scd,0.16,0.000,552.89,0.000,2.2285
NGC2976,Sc–Scd,0.11,0.148,200.62,0.015,0.4603
NGC2998,Sc–Scd,0.33,0.000,1035.14,0.000,8.1588
NGC2998,Sc–Scd,3.63,0.343,351.27,0.002,1.5616
NGC3198,Sc–Scd,0.32,0.000,542.46,0.000,0.2974
NGC3726,Sc–Scd,3.50,0.000,183.97,0.000,1.0890
NGC3726,Sc–Scd,5.24,0.315,100.22,0.000,0.7032
NGC3726,Sc–Scd,6.98,0.348,78.14,0.005,0.7876
NGC3877,Sc–Scd,0.87,0.000,376.87,0.000,0.2754
NGC3877,Sc–Scd,1.74,0.346,236.53,0.000,0.4408
NGC3893,Sc–Scd,1.74,0.039,519.38,0.015,0.9720
NGC3893,Sc–Scd,3.50,0.251,164.02,0.014,1.0122
NGC3893,Sc–Scd,5.24,0.293,68.50,0.033,1.2133
NGC3917,Sc–Scd,0.87,0.000,94.33,0.000,0.9298
NGC4085,Sc–Scd,0.87,0.000,444.10,0.000,0.3963
NGC4085,Sc–Scd,1.74,0.304,229.81,0.015,0.3147
NGC4085,Sc–Scd,2.71,0.337,128.52,0.012,0.7070
NGC4183,Sc–Scd,0.87,0.098,80.11,0.008,2.7610
NGC4559,Sc–Scd,0.67,0.000,261.99,0.000,1.1029
NGC5033,Sc–Scd,0.76,0.001,3614.38,0.000,0.7255
NGC5033,Sc–Scd,2.28,0.189,616.94,0.000,0.5810
NGC5033,Sc–Scd,3.80,0.241,153.62,0.001,0.7036
NGC5033,Sc–Scd,5.33,0.292,68.92,0.007,0.8622
NGC5033,Sc–Scd,6.85,0.339,31.89,0.015,1.0292
NGC5907,Sc–Scd,5.03,0.000,187.32,0.000,2.8634
NGC5907,Sc–Scd,7.55,0.302,122.09,0.000,1.8181
NGC5907,Sc–Scd,10.07,0.334,83.85,0.000,1.6412
NGC6015,Sc–Scd,0.34,0.000,467.31,0.000,1.4393
NGC6503,Sc–Scd,0.76,0.048,417.37,0.006,2.3051
NGC6503,Sc–Scd,1.52,0.300,281.64,0.008,0.8787
NGC6503,Sc–Scd,2.28,0.308,112.80,0.009,0.7324
NGC6946,Sc–Scd,0.19,0.000,4341.86,0.000,0.6099
NGC6946,Sc–Scd,0.56,0.142,1013.06,0.000,0.6080
NGC6946,Sc–Scd,0.94,0.209,556.17,0.001,0.6788
NGC6946,Sc–Scd,1.22,0.242,492.56,0.002,0.7917
NGC6946,Sc–Scd,1.59,0.269,401.21,0.003,0.6714
NGC6946,Sc–Scd,1.96,0.293,339.70,0.003,0.6635
NGC6946,Sc–Scd,2.34,0.303,320.63,0.003,0.7022
NGC6946,Sc–Scd,2.71,0.300,264.90,0.002,0.6174
NGC6946,Sc–Scd,2.99,0.308,235.81,0.002,0.6467
NGC6946,Sc–Scd,3.37,0.314,202.22,0.003,0.6402
NGC6946,Sc–Scd,3.74,0.322,174.44,0.006,0.7257
NGC6946,Sc–Scd,4.12,0.329,159.69,0.008,0.7982
NGC6946,Sc–Scd,4.40,0.330,150.01,0.009,0.8569
NGC6946,Sc–Scd,4.77,0.331,133.94,0.010,0.9003
NGC6946,Sc–Scd,5.15,0.331,120.98,0.014,0.8940
NGC6946,Sc–Scd,5.52,0.327,104.00,0.018,0.8590
NGC6946,Sc–Scd,5.89,0.332,70.85,0.023,0.8731
NGC6946,Sc–Scd,6.17,0.343,63.09,0.028,0.8746
NGC6946,Sc–Scd,6.55,0.349,61.97,0.034,0.8830
UGC02885,Sc–Scd,1.70,0.000,1261.37,0.000,1.7313
UGC02885,Sc–Scd,3.41,0.184,440.76,0.000,1.0750
UGC02885,Sc–Scd,6.82,0.281,181.57,0.000,1.0356
UGC06667,Sc–Scd,0.87,0.000,5.39,0.000,29.5516
UGC06983,Sc–Scd,1.74,0.000,49.45,0.000,1.9564
UGC07151,Sc–Scd,0.50,0.000,83.79,0.000,1.9075
UGC08286,Sc–Scd,0.47,0.000,41.24,0.000,4.2697
UGC09037,Sc–Scd,2.43,0.061,201.18,0.013,0.3450
UGC09037,Sc–Scd,3.65,0.295,117.60,0.018,0.2785
UGC11455,Sc–Scd,0.62,0.009,936.79,0.000,0.4767
UGC11455,Sc–Scd,7.38,0.330,282.88,0.000,0.7368
UGC11455,Sc–Scd,8.00,0.323,235.51,0.000,0.7432
UGC11455,Sc–Scd,8.62,0.330,204.10,0.000,0.8701
UGC11455,Sc–Scd,9.23,0.332,194.75,0.001,0.8980
UGC11455,Sc–Scd,9.85,0.330,179.25,0.006,0.9124
UGC11455,Sc–Scd,10.43,0.329,164.07,0.009,0.8901
UGC11455,Sc–Scd,11.05,0.330,147.78,0.011,1.0176
UGC11455,Sc–Scd,11.67,0.331,134.60,0.012,0.9690
UGC11455,Sc–Scd,12.19,0.331,124.62,0.011,0.9174
UGC11455,Sc–Scd,12.91,0.333,110.44,0.010,0.9776
UGC11455,Sc–Scd,14.56,0.340,77.02,0.010,1.0143
UGC12506,Sc–Scd,0.82,0.307,206.62,0.110,18.6212
ESO116-G012,Sd,0.25,0.000,138.47,0.000,2.9098
F568-3,Sd,0.64,0.267,33.77,0.015,1.2823
F568-V1,Sd,0.39,0.000,49.91,0.000,4.1025
F574-1,Sd,0.47,0.068,52.30,0.001,2.6992
NGC0247,Sd,1.08,0.298,33.01,0.032,4.2857
NGC0300,Sd,0.91,0.000,45.25,0.000,2.2055
NGC4010,Sd,0.87,0.000,127.88,0.000,2.8800
NGC5585,Sd,0.09,0.041,329.42,0.001,1.5058
NGC7793,Sd,0.11,0.021,604.49,0.001,0.2021
UGC04278,Sd,0.14,0.000,39.67,0.000,3.2601
UGC05721,Sd,0.09,0.087,328.96,0.011,1.8522
UGC06446,Sd,0.58,0.000,37.40,0.000,4.2986
UGC06930,Sd,1.74,0.000,44.22,0.000,2.1612
UGC07603,Sd,0.34,0.298,53.40,0.086,1.3793
F583-1,Sdm–Sm,0.26,0.000,17.14,0.000,16.9824
IC2574,Sdm–Sm,0.85,0.000,8.38,0.000,2.3071
UGC00128,Sdm–Sm,1.25,0.137,40.59,0.007,2.5139
UGC00191,Sdm–Sm,0.62,0.176,46.65,0.014,3.4976
UGC02259,Sdm–Sm,1.02,0.317,27.20,0.052,9.4180
UGC04325,Sdm–Sm,0.70,0.275,43.71,0.036,7.0975
UGC04499,Sdm–Sm,0.91,0.000,30.34,0.000,1.5240
UGC05986,Sdm–Sm,0.63,0.000,95.45,0.000,1.6685
UGC06399,Sdm–Sm,0.87,0.304,30.20,0.036,2.4208
UGC06818,Sdm–Sm,0.87,0.214,38.33,0.025,1.1447
UGC06917,Sdm–Sm,1.74,0.000,42.02,0.000,2.2153
UGC07261,Sdm–Sm,0.95,0.254,48.55,0.037,5.1405
UGC07399,Sdm–Sm,0.61,0.140,65.72,0.017,4.1620
UGC07524,Sdm–Sm,0.35,0.000,27.14,0.000,1.7428
UGC08490,Sdm–Sm,0.34,0.047,123.37,0.002,3.8188
UGC11820,Sdm–Sm,0.26,0.000,38.40,0.000,7.0395
UGC12632,Sdm–Sm,0.71,0.183,16.68,0.006,5.4885
UGC12732,Sdm–Sm,0.96,0.228,22.30,0.015,5.0925
DDO064,Im,0.10,0.000,14.25,0.000,61.4444
UGC05414,Im,0.68,0.143,31.58,0.006,2.1191
UGC05829,Im,0.63,0.000,8.28,0.000,9.5411
UGC06923,Im,0.93,0.191,69.69,0.063,0.9634
UGC07577,Im,0.19,0.000,7.18,0.000,5.3667
UGC07690,Im,0.59,0.099,90.30,0.017,1.8165
UGC08837,Im,0.52,0.000,16.13,0.000,1.0874
